2026-09-09 21:29:54 Starting Lynis 3.1.8 with PID 4887, build date 2026-07-17
2026-09-09 21:29:54 ====
2026-09-09 21:29:54 ### 2007-2025, CISOfy - https://cisofy.com/lynis/ ###
2026-09-09 21:29:54 Checking permissions of /root/lynis/include/profiles
2026-09-09 21:29:54 File permissions are OK
2026-09-09 21:29:54 Reading profile/configuration /root/lynis/default.prf
2026-09-09 21:29:54 Action: created temporary file /tmp/lynis.rawaoEe1VK
2026-09-09 21:29:55 Language set via profile to ''
2026-09-09 21:29:55 Plugin 'authentication' enabled according profile (/root/lynis/default.prf)
2026-09-09 21:29:55 Plugin 'compliance' enabled according profile (/root/lynis/default.prf)
2026-09-09 21:29:55 Plugin 'configuration' enabled according profile (/root/lynis/default.prf)
2026-09-09 21:29:55 Plugin 'control-panels' enabled according profile (/root/lynis/default.prf)
2026-09-09 21:29:55 Plugin 'crypto' enabled according profile (/root/lynis/default.prf)
2026-09-09 21:29:55 Plugin 'dns' enabled according profile (/root/lynis/default.prf)
2026-09-09 21:29:55 Plugin 'docker' enabled according profile (/root/lynis/default.prf)
2026-09-09 21:29:55 Plugin 'file-integrity' enabled according profile (/root/lynis/default.prf)
2026-09-09 21:29:55 Plugin 'file-systems' enabled according profile (/root/lynis/default.prf)
2026-09-09 21:29:55 Plugin 'firewalls' enabled according profile (/root/lynis/default.prf)
2026-09-09 21:29:55 Plugin 'forensics' enabled according profile (/root/lynis/default.prf)
2026-09-09 21:29:55 Plugin 'hardware' enabled according profile (/root/lynis/default.prf)
2026-09-09 21:29:55 Plugin 'intrusion-detection' enabled according profile (/root/lynis/default.prf)
2026-09-09 21:29:55 Plugin 'intrusion-prevention' enabled according profile (/root/lynis/default.prf)
2026-09-09 21:29:55 Plugin 'kernel' enabled according profile (/root/lynis/default.prf)
2026-09-09 21:29:55 Plugin 'malware' enabled according profile (/root/lynis/default.prf)
2026-09-09 21:29:55 Plugin 'memory' enabled according profile (/root/lynis/default.prf)
2026-09-09 21:29:55 Plugin 'nginx' enabled according profile (/root/lynis/default.prf)
2026-09-09 21:29:55 Plugin 'pam' enabled according profile (/root/lynis/default.prf)
2026-09-09 21:29:55 Plugin 'processes' enabled according profile (/root/lynis/default.prf)
2026-09-09 21:29:55 Plugin 'security-modules' enabled according profile (/root/lynis/default.prf)
2026-09-09 21:29:55 Plugin 'software' enabled according profile (/root/lynis/default.prf)
2026-09-09 21:29:55 Plugin 'system-integrity' enabled according profile (/root/lynis/default.prf)
2026-09-09 21:29:55 Plugin 'systemd' enabled according profile (/root/lynis/default.prf)
2026-09-09 21:29:55 Plugin 'users' enabled according profile (/root/lynis/default.prf)
2026-09-09 21:29:55 Plugin 'krb5' enabled according profile (/root/lynis/default.prf)
2026-09-09 21:29:56 Set option to default value: NTPD_ROLE --> client
2026-09-09 21:29:56 ====
2026-09-09 21:29:56 EOL check: 0
2026-09-09 21:29:56 Program version:           3.1.8
2026-09-09 21:29:56 Operating system:          Linux
2026-09-09 21:29:56 Operating system name:     Ubuntu
2026-09-09 21:29:56 Operating system version:  26.04
2026-09-09 21:29:56 Kernel version:            6.18.33.2
2026-09-09 21:29:56 Kernel version (full):     6.18.33.2-microsoft-standard-WSL2
2026-09-09 21:29:56 Hardware platform:         x86_64
2026-09-09 21:29:56 -----------------------------------------------------
2026-09-09 21:29:56 Hostname:                  docker-desktop
2026-09-09 21:29:56 Auditor:                   [Not Specified]
2026-09-09 21:29:56 Profiles:                  /root/lynis/default.prf
2026-09-09 21:29:56 Work directory:            /root/lynis
2026-09-09 21:29:56 Include directory:         /root/lynis/include
2026-09-09 21:29:56 Plugin directory:          ./plugins
2026-09-09 21:29:56 -----------------------------------------------------
2026-09-09 21:29:56 Log file:                  /salida/lynis.log
2026-09-09 21:29:56 Report file:               /salida/lynis-report.dat
2026-09-09 21:29:56 Report version:            1.0
2026-09-09 21:29:56 -----------------------------------------------------
2026-09-09 21:29:56 Test category:             all
2026-09-09 21:29:56 Test group:                all
2026-09-09 21:29:56 BusyBox used:              0
2026-09-09 21:29:56 ====
2026-09-09 21:29:56 Test: Checking for program update...
2026-09-09 21:29:56 Result: dig, drill or host not installed, update check skipped
2026-09-09 21:29:56 Current installed version  : 318
2026-09-09 21:29:56 Latest stable version      : 0000000000
2026-09-09 21:29:56 Update check skipped due to constraints (e.g. missing dig binary)
2026-09-09 21:29:56 ====
2026-09-09 21:29:56 Checking permissions of /root/lynis/include/binaries
2026-09-09 21:29:56 File permissions are OK
2026-09-09 21:29:56 ====
2026-09-09 21:29:56 Action: Performing tests from category: System tools
2026-09-09 21:29:56 Start scanning for available audit binaries and tools...
2026-09-09 21:29:56 ====
2026-09-09 21:29:56 Performing test ID CORE-1000 (Check all system binaries)
2026-09-09 21:29:56 Status: Starting binary scan...
2026-09-09 21:29:56 Test: Checking binaries in directory /bin
2026-09-09 21:29:56 Result: directory exists, but is actually a symlink
2026-09-09 21:29:56 Action: checking symlink for file /bin
2026-09-09 21:29:56 Setting temporary readlinkbinary variable
2026-09-09 21:29:56 Note: Using real readlink binary to determine symlink on /bin
2026-09-09 21:29:56 Result: readlink shows /usr/bin as output
2026-09-09 21:29:56 Result: symlink found, pointing to directory /usr/bin
2026-09-09 21:29:56 Result: found the path behind this symlink (/bin --> /usr/bin)
2026-09-09 21:29:56 Directory /usr/bin exists. Starting directory scanning...
2026-09-09 21:29:56   Found known binary: apt (package manager) - /usr/bin/apt
2026-09-09 21:29:56   Found known binary: awk (string tool) - /usr/bin/awk
2026-09-09 21:29:56   Found known binary: base64 (encoding tool) - /usr/bin/base64
2026-09-09 21:29:57   Found known binary: cat (generic file handling) - /usr/bin/cat
2026-09-09 21:29:57   Found known binary: comm (file compare) - /usr/bin/comm
2026-09-09 21:29:57   Found known binary: cut (text stream editor) - /usr/bin/cut
2026-09-09 21:29:57   Found known binary: dnsdomainname (DNS domain) - /usr/bin/dnsdomainname
2026-09-09 21:29:57   Found known binary: domainname (NIS domain) - /usr/bin/domainname
2026-09-09 21:29:57   Found known binary: dpkg (package management) - /usr/bin/dpkg
2026-09-09 21:29:57   Found known binary: find (search tool) - /usr/bin/find
2026-09-09 21:29:57   Found known binary: getent (query tool for name service switch libraries) - /usr/bin/getent
2026-09-09 21:29:57   Found known binary: grep (text search) - /usr/bin/grep
2026-09-09 21:29:57   Found known binary: gzip (compressing utility) - /usr/bin/gzip
2026-09-09 21:29:57   Found known binary: head (text filter) - /usr/bin/head
2026-09-09 21:29:57   Found known binary: ls (file listing) - /usr/bin/ls
2026-09-09 21:29:57   Found known binary: lsattr (file attributes) - /usr/bin/lsattr
2026-09-09 21:29:57   Found known binary: lsblk (block devices) - /usr/bin/lsblk
2026-09-09 21:29:57   Found known binary: md5sum (hash tool) - /usr/bin/md5sum
2026-09-09 21:29:57   Found known binary: mount (disk utility) - /usr/bin/mount
2026-09-09 21:29:57 Found /usr/bin/openssl (version 3.5.5)
2026-09-09 21:29:57 Found /usr/bin/perl (version 5.40.1)
2026-09-09 21:29:57   Found known binary: pgrep (search in process list) - /usr/bin/pgrep
2026-09-09 21:29:57   Found known binary: ps (process listing) - /usr/bin/ps
2026-09-09 21:29:57   Found known binary: readlink (follows symlinks) - /usr/bin/readlink
2026-09-09 21:29:57   Found known binary: sed (text stream editor) - /usr/bin/sed
2026-09-09 21:29:57   Found known binary: sha1/sha1sum/shasum (crypto hashing) - /usr/bin/sha1sum
2026-09-09 21:29:57   Found known binary: sha256/sha256sum (crypto hashing) - /usr/bin/sha256sum
2026-09-09 21:29:57   Found known binary: sha1/sha1sum/shasum (crypto hashing) - /usr/bin/shasum
2026-09-09 21:29:57   Found known binary: sort (sort data streams) - /usr/bin/sort
2026-09-09 21:29:57   Found known binary: ssh-keyscan (scanner for SSH keys) - /usr/bin/ssh-keyscan
2026-09-09 21:29:57   Found known binary: stat (file information) - /usr/bin/stat
2026-09-09 21:29:57   Found known binary: tail (text filter) - /usr/bin/tail
2026-09-09 21:29:57   Found known binary: tr (text transformation) - /usr/bin/tr
2026-09-09 21:29:57   Found known binary: uname (operating system details) - /usr/bin/uname
2026-09-09 21:29:57   Found known binary: uniq (text manipulation utility) - /usr/bin/uniq
2026-09-09 21:29:57   Found known binary: wc (word count) - /usr/bin/wc
2026-09-09 21:29:57   Found known binary: xargs (command output redirection) - /usr/bin/xargs
2026-09-09 21:29:57   Found known binary: zgrep (text search for compressed files) - /usr/bin/zgrep
2026-09-09 21:29:57 Test: Checking binaries in directory /sbin
2026-09-09 21:29:57 Result: directory exists, but is actually a symlink
2026-09-09 21:29:57 Action: checking symlink for file /sbin
2026-09-09 21:29:57 Note: Using real readlink binary to determine symlink on /sbin
2026-09-09 21:29:57 Result: readlink shows /usr/sbin as output
2026-09-09 21:29:57 Result: symlink found, pointing to directory /usr/sbin
2026-09-09 21:29:57 Result: found the path behind this symlink (/sbin --> /usr/sbin)
2026-09-09 21:29:57 Directory /usr/sbin exists. Starting directory scanning...
2026-09-09 21:29:57   Found known binary: blkid (information about block devices) - /usr/sbin/blkid
2026-09-09 21:29:57   Found known binary: grpck (consistency checker) - /usr/sbin/grpck
2026-09-09 21:29:57   Found known binary: initctl (client to upstart init) - /usr/sbin/initctl
2026-09-09 21:29:57   Found known binary: service (system services) - /usr/sbin/service
2026-09-09 21:29:57   Found known binary: swapon (swap device tool) - /usr/sbin/swapon
2026-09-09 21:29:57   Found known binary: sysctl (kernel parameters) - /usr/sbin/sysctl
2026-09-09 21:29:57   Found known binary: tune2fs (file system tool) - /usr/sbin/tune2fs
2026-09-09 21:29:57 Test: Checking binaries in directory /usr/bin
2026-09-09 21:29:57 Result: Skipping this directory as it was already scanned
2026-09-09 21:29:57 Result: Directory /usr/bin skipped
2026-09-09 21:29:57 Test: Checking binaries in directory /usr/sbin
2026-09-09 21:29:57 Result: Skipping this directory as it was already scanned
2026-09-09 21:29:57 Result: Directory /usr/sbin skipped
2026-09-09 21:29:57 Test: Checking binaries in directory /usr/local/bin
2026-09-09 21:29:57 Directory /usr/local/bin exists. Starting directory scanning...
2026-09-09 21:29:57 Test: Checking binaries in directory /usr/local/sbin
2026-09-09 21:29:57 Directory /usr/local/sbin exists. Starting directory scanning...
2026-09-09 21:29:57 Discovered directories: /usr/bin,/usr/sbin,/usr/local/bin,/usr/local/sbin
2026-09-09 21:29:57 Result: found 552 binaries including 7 set-uid and 5 set-gid
2026-09-09 21:29:57 Result: set-uid binaries: /usr/bin/chfn /usr/bin/chsh /usr/bin/gpasswd /usr/bin/mount /usr/bin/passwd /usr/bin/su /usr/bin/umount 
2026-09-09 21:29:57 Result: set-gid binaries: /usr/bin/chage /usr/bin/expiry /usr/bin/ssh-agent /usr/sbin/pam_extrausers_chkpwd /usr/sbin/unix_chkpwd 
2026-09-09 21:29:57 ====
2026-09-09 21:29:57 Informational: package manager is used
2026-09-09 21:29:57 Test: Determine if this system is a virtual machine
2026-09-09 21:29:57 Result: facter utility not found
2026-09-09 21:29:57 Result: systemd-detect-virt not found
2026-09-09 21:29:57 Test: trying to guess virtualization with lscpu
2026-09-09 21:29:57 Result: found Microsoft
2026-09-09 21:29:57 Result: skipped dmidecode test, as we already found machine type
2026-09-09 21:29:57 Result: skipped processes test, as we already found platform
2026-09-09 21:29:57 Result: skipped Amazon EC2 test, as we already found platform
2026-09-09 21:29:57 Result: skipped sysctl test, as we already found platform
2026-09-09 21:29:57 Result: skipped lshw test, as we already found machine type
2026-09-09 21:29:57 Result: found virtual machine (type: microsoft, Microsoft Virtual PC)
2026-09-09 21:29:57 Result: Lynis is not running in container
2026-09-09 21:29:57 Result: systemd not found
2026-09-09 21:29:57 ====
2026-09-09 21:29:57 Action: Performing plugin tests
2026-09-09 21:29:57 Searching plugins...
2026-09-09 21:29:57 Found plugin file: ./plugins/plugin_pam_phase1
2026-09-09 21:29:57 Action: checking plugin status in profile: /root/lynis/default.prf
2026-09-09 21:29:57 Result: plugin enabled in profile (/root/lynis/default.prf)
2026-09-09 21:29:57 Result: plugin pam is enabled
2026-09-09 21:29:57 Checking permissions of ./plugins/plugin_pam_phase1
2026-09-09 21:29:57 File permissions are OK
2026-09-09 21:29:57 Including plugin file: ./plugins/plugin_pam_phase1 (version: 1.0.5)
2026-09-09 21:29:57 ====
2026-09-09 21:29:57 Skipped test PLGN-0008 (Check PAM configuration (pwquality.conf))
2026-09-09 21:29:57 Reason to skip: Prerequisites not met (ie missing tool, other type of Linux distribution)
2026-09-09 21:29:57 ====
2026-09-09 21:29:57 Skipped test PLGN-0010 (Check PAM configuration)
2026-09-09 21:29:57 Reason to skip: Prerequisites not met (ie missing tool, other type of Linux distribution)
2026-09-09 21:29:57 [PAM] PAM 2F authentication enabled: 0
2026-09-09 21:29:57 [PAM] PAM 2F authentication required: 0
2026-09-09 21:29:57 [PAM] Authentication unlock time: not configured
2026-09-09 21:29:57 [PAM] Password brute force protection: 0
2026-09-09 21:29:57 [PAM] Minimum password length: not configured
2026-09-09 21:29:57 [PAM] Minimum passphrase length: 
2026-09-09 21:29:57 [PAM] Minimum passphrase words: 
2026-09-09 21:29:57 [PAM] Password strength testing enabled: 0
2026-09-09 21:29:57 [PAM] Password maximum retry: Not configured
2026-09-09 21:29:57 [PAM] Password history with pam_pwhistory IS NOT enabled
2026-09-09 21:29:57 [PAM] Password history with pam_unix IS NOT enabled
2026-09-09 21:29:57 ====
2026-09-09 21:29:57 Result: pam plugin (phase 1) finished
2026-09-09 21:29:57 --
2026-09-09 21:29:57 Found plugin file: ./plugins/plugin_systemd_phase1
2026-09-09 21:29:57 Action: checking plugin status in profile: /root/lynis/default.prf
2026-09-09 21:29:57 Result: plugin enabled in profile (/root/lynis/default.prf)
2026-09-09 21:29:57 Result: plugin systemd is enabled
2026-09-09 21:29:57 Checking permissions of ./plugins/plugin_systemd_phase1
2026-09-09 21:29:57 File permissions are OK
2026-09-09 21:29:57 Including plugin file: ./plugins/plugin_systemd_phase1 (version: 1.0.4)
2026-09-09 21:29:58 ====
2026-09-09 21:29:58 Skipped test PLGN-3800 (Gather systemctl exit code)
2026-09-09 21:29:58 Reason to skip: Prerequisites not met (ie missing tool, other type of Linux distribution)
2026-09-09 21:29:58 ====
2026-09-09 21:29:58 Skipped test PLGN-3802 (Query systemd version and options)
2026-09-09 21:29:58 Reason to skip: Prerequisites not met (ie missing tool, other type of Linux distribution)
2026-09-09 21:29:58 ====
2026-09-09 21:29:58 Skipped test PLGN-3804 (Gather systemd unit files and their status)
2026-09-09 21:29:58 Reason to skip: Prerequisites not met (ie missing tool, other type of Linux distribution)
2026-09-09 21:29:58 ====
2026-09-09 21:29:58 Skipped test PLGN-3806 (Gather failed systemd units)
2026-09-09 21:29:58 Reason to skip: Prerequisites not met (ie missing tool, other type of Linux distribution)
2026-09-09 21:29:58 ====
2026-09-09 21:29:58 Skipped test PLGN-3808 (Gather systemd machine ID)
2026-09-09 21:29:58 Reason to skip: Prerequisites not met (ie missing tool, other type of Linux distribution)
2026-09-09 21:29:58 ====
2026-09-09 21:29:58 Skipped test PLGN-3810 (Query main systemd binaries)
2026-09-09 21:29:58 Reason to skip: Prerequisites not met (ie missing tool, other type of Linux distribution)
2026-09-09 21:29:58 ====
2026-09-09 21:29:58 Skipped test PLGN-3812 (Query journal for boot related information)
2026-09-09 21:29:58 Reason to skip: Prerequisites not met (ie missing tool, other type of Linux distribution)
2026-09-09 21:29:58 ====
2026-09-09 21:29:58 Skipped test PLGN-3814 (Verify journal integrity)
2026-09-09 21:29:58 Reason to skip: Prerequisites not met (ie missing tool, other type of Linux distribution)
2026-09-09 21:29:58 ====
2026-09-09 21:29:58 Skipped test PLGN-3816 (Query journal for boot related information)
2026-09-09 21:29:58 Reason to skip: Prerequisites not met (ie missing tool, other type of Linux distribution)
2026-09-09 21:29:58 ====
2026-09-09 21:29:58 Skipped test PLGN-3818 (Query journal meta data)
2026-09-09 21:29:58 Reason to skip: Prerequisites not met (ie missing tool, other type of Linux distribution)
2026-09-09 21:29:58 ====
2026-09-09 21:29:58 Skipped test PLGN-3820 (Check for journal FSS configuration)
2026-09-09 21:29:58 Reason to skip: Prerequisites not met (ie missing tool, other type of Linux distribution)
2026-09-09 21:29:58 ====
2026-09-09 21:29:58 Skipped test PLGN-3830 (Query systemd status)
2026-09-09 21:29:58 Reason to skip: Prerequisites not met (ie missing tool, other type of Linux distribution)
2026-09-09 21:29:58 ====
2026-09-09 21:29:58 Skipped test PLGN-3832 (Query systemd status for processes which can not be found)
2026-09-09 21:29:58 Reason to skip: Prerequisites not met (ie missing tool, other type of Linux distribution)
2026-09-09 21:29:58 ====
2026-09-09 21:29:58 Skipped test PLGN-3834 (Collect service units which can not be found in systemd)
2026-09-09 21:29:58 Reason to skip: Prerequisites not met (ie missing tool, other type of Linux distribution)
2026-09-09 21:29:58 ====
2026-09-09 21:29:58 Skipped test PLGN-3856 (Check if systemd-coredump is used)
2026-09-09 21:29:58 Reason to skip: Prerequisites not met (ie missing tool, other type of Linux distribution)
2026-09-09 21:29:58 ====
2026-09-09 21:29:58 Skipped test PLGN-3860 (Query coredumps from journals since Yesterday)
2026-09-09 21:29:58 Reason to skip: Prerequisites not met (ie missing tool, other type of Linux distribution)
2026-09-09 21:29:58 ====
2026-09-09 21:29:58 Result: systemd plugin (phase 1) finished
2026-09-09 21:29:58 --
2026-09-09 21:29:58 Result: Found 2 plugins of which 2 are enabled
2026-09-09 21:29:58 Result: Plugins phase 1 finished
2026-09-09 21:29:58 ====
2026-09-09 21:29:58 Info: found hashing tool, start generation of HostID
2026-09-09 21:29:58 Exception: test has an exceptional event (GetHostID) with text HostID could not be generated
2026-09-09 21:30:03 Result: no HOSTID available, trying to use SSH key as unique source
2026-09-09 21:30:03 Info: start generation of HostID (version 2)
2026-09-09 21:30:03 Exception: test has an exceptional event (GetHostID) with text No unique host identifier could be created.
2026-09-09 21:30:08 hostid-generation: method unknown
2026-09-09 21:30:08 hostid2-generation: method unknown
2026-09-09 21:30:08 Info: no HostID found or invalid one
2026-09-09 21:30:08 Info: no machine ID found
2026-09-09 21:30:08 ====
2026-09-09 21:30:08 Info: perform tests from all categories
2026-09-09 21:30:08 Security check: file is normal
2026-09-09 21:30:08 Checking permissions of /root/lynis/include/tests_boot_services
2026-09-09 21:30:08 File permissions are OK
2026-09-09 21:30:08 ====
2026-09-09 21:30:08 Action: Performing tests from category: Boot and services
2026-09-09 21:30:08 ====
2026-09-09 21:30:09 Skipped test BOOT-5102 (Check for AIX boot device)
2026-09-09 21:30:09 Reason to skip: Incorrect guest OS (AIX only)
2026-09-09 21:30:09 ====
2026-09-09 21:30:09 Performing test ID BOOT-5104 (Determine service manager)
2026-09-09 21:30:09 Result: cmdline found = /init
2026-09-09 21:30:09 Result: file on disk = /init
2026-09-09 21:30:09 Result: cmdline of PID 1 is not a file
2026-09-09 21:30:09 Found: init
2026-09-09 21:30:09 Result: service manager found = upstart
2026-09-09 21:30:09 ====
2026-09-09 21:30:09 Skipped test BOOT-5106 (Check EFI boot file on Mac OS X/macOS)
2026-09-09 21:30:09 Reason to skip: Incorrect guest OS (macOS only)
2026-09-09 21:30:09 ====
2026-09-09 21:30:09 Performing test ID BOOT-5108 (Check Syslinux as bootloader)
2026-09-09 21:30:09 Test: checking if file /rootfsboot/syslinux/syslinux.cfg exists
2026-09-09 21:30:09 Result: file /rootfsboot/syslinux/syslinux.cfg NOT found
2026-09-09 21:30:09 ====
2026-09-09 21:30:09 Performing test ID BOOT-5109 (Check rEFInd as bootloader)
2026-09-09 21:30:09 Test: checking if file /rootfsboot/refind_linux.conf exists
2026-09-09 21:30:09 Result: file /rootfsboot/refind_linux.conf NOT found
2026-09-09 21:30:09 ====
2026-09-09 21:30:09 Performing test ID BOOT-5116 (Check if system is booted in UEFI mode)
2026-09-09 21:30:09 Test: checking if UEFI is used
2026-09-09 21:30:09 Result: UEFI not used, can't find /sys/firmware/efi directory
2026-09-09 21:30:09 Test: determine if Secure Boot is used
2026-09-09 21:30:09 Result: system not booted with Secure Boot (no SecureBoot file found)
2026-09-09 21:30:09 ====
2026-09-09 21:30:09 Skipped test BOOT-5117 (Check for systemd-boot bootloader presence)
2026-09-09 21:30:09 Reason to skip: Prerequisites not met (ie missing tool, other type of Linux distribution)
2026-09-09 21:30:09 ====
2026-09-09 21:30:09 Performing test ID BOOT-5121 (Check for GRUB boot loader presence)
2026-09-09 21:30:09 Test: Checking for presence GRUB conf file (/boot/grub/grub.conf or /boot/grub/menu.lst)
2026-09-09 21:30:09 Result: no GRUB configuration file found.
2026-09-09 21:30:09 ====
2026-09-09 21:30:09 Skipped test BOOT-5122 (Check for GRUB boot password)
2026-09-09 21:30:09 Reason to skip: Prerequisites not met (ie missing tool, other type of Linux distribution)
2026-09-09 21:30:09 ====
2026-09-09 21:30:09 Skipped test BOOT-5124 (Check for FreeBSD boot loader presence)
2026-09-09 21:30:09 Reason to skip: Incorrect guest OS (FreeBSD only)
2026-09-09 21:30:09 ====
2026-09-09 21:30:09 Skipped test BOOT-5261 (Check for DragonFly boot loader presence)
2026-09-09 21:30:09 Reason to skip: Incorrect guest OS (DragonFly only)
2026-09-09 21:30:09 ====
2026-09-09 21:30:09 Skipped test BOOT-5126 (Check for NetBSD boot loader presence)
2026-09-09 21:30:09 Reason to skip: Incorrect guest OS (NetBSD only)
2026-09-09 21:30:09 ====
2026-09-09 21:30:09 Performing test ID BOOT-5139 (Check for LILO boot loader presence)
2026-09-09 21:30:09 Test: checking for presence LILO configuration file
2026-09-09 21:30:09 Result: LILO configuration file not found
2026-09-09 21:30:09 ====
2026-09-09 21:30:09 Performing test ID BOOT-5140 (Check for ELILO boot loader presence)
2026-09-09 21:30:09 Test: checking if file /rootfsetc/elilo.conf exists
2026-09-09 21:30:09 Result: file /rootfsetc/elilo.conf NOT found
2026-09-09 21:30:09 Test: checking if file /rootfsboot/efi/EFI/Ubuntu/elilo.conf exists
2026-09-09 21:30:09 Result: file /rootfsboot/efi/EFI/Ubuntu/elilo.conf NOT found
2026-09-09 21:30:09 ====
2026-09-09 21:30:09 Performing test ID BOOT-5142 (Check SPARC Improved boot loader (SILO))
2026-09-09 21:30:09 Result: no SILO configuration file found.
2026-09-09 21:30:09 ====
2026-09-09 21:30:09 Performing test ID BOOT-5155 (Check for YABOOT boot loader configuration file)
2026-09-09 21:30:09 Test: Check for /etc/yaboot.conf
2026-09-09 21:30:09 Result: no YABOOT configuration file found.
2026-09-09 21:30:09 ====
2026-09-09 21:30:09 Skipped test BOOT-5159 (Check for OpenBSD boot loader presence)
2026-09-09 21:30:09 Reason to skip: Incorrect guest OS (OpenBSD only)
2026-09-09 21:30:09 ====
2026-09-09 21:30:09 Skipped test BOOT-5165 (Check for FreeBSD boot services)
2026-09-09 21:30:09 Reason to skip: Incorrect guest OS (FreeBSD only)
2026-09-09 21:30:09 ====
2026-09-09 21:30:09 Skipped test BOOT-5170 (Check for Solaris boot daemons)
2026-09-09 21:30:09 Reason to skip: Incorrect guest OS (Solaris only)
2026-09-09 21:30:09 ====
2026-09-09 21:30:09 Performing test ID BOOT-5177 (Check for Linux boot and running services)
2026-09-09 21:30:09 Test: checking presence systemctl binary
2026-09-09 21:30:09 Result: systemctl binary not found, checking chkconfig binary
2026-09-09 21:30:09 Result: both systemctl and chkconfig not found. Skipping this test
2026-09-09 21:30:09 ====
2026-09-09 21:30:09 Performing test ID BOOT-5180 (Check for Linux boot services (Debian style))
2026-09-09 21:30:09 Result: found runlevel 
2026-09-09 21:30:09 Suggestion: Determine runlevel and services at startup [test:BOOT-5180] [details:-] [solution:-]
2026-09-09 21:30:09 ====
2026-09-09 21:30:09 Performing test ID BOOT-5184 (Check permissions for boot files/scripts)
2026-09-09 21:30:09 Result: checking /rootfsetc/init.d scripts for writable bit
2026-09-09 21:30:09 Test: checking if directory /rootfsetc/init.d exists
2026-09-09 21:30:09 Result: directory /rootfsetc/init.d not found. Skipping..
2026-09-09 21:30:09 Test: checking if directory /rootfsetc/rc.d exists
2026-09-09 21:30:09 Result: directory /rootfsetc/rc.d not found. Skipping..
2026-09-09 21:30:09 Test: checking if directory /rootfsetc/rcS.d exists
2026-09-09 21:30:09 Result: directory /rootfsetc/rcS.d not found. Skipping..
2026-09-09 21:30:09 Test: Checking /rootfsetc/rc0.d scripts for writable bit
2026-09-09 21:30:09 Test: Checking /rootfsetc/rc1.d scripts for writable bit
2026-09-09 21:30:09 Test: Checking /rootfsetc/rc2.d scripts for writable bit
2026-09-09 21:30:09 Test: Checking /rootfsetc/rc3.d scripts for writable bit
2026-09-09 21:30:09 Test: Checking /rootfsetc/rc4.d scripts for writable bit
2026-09-09 21:30:09 Test: Checking /rootfsetc/rc5.d scripts for writable bit
2026-09-09 21:30:09 Test: Checking /rootfsetc/rc6.d scripts for writable bit
2026-09-09 21:30:09 Hardening: assigned maximum number of hardening points for this item (3). Currently having 3 points (out of 3)
2026-09-09 21:30:09 ====
2026-09-09 21:30:09 Performing test ID BOOT-5202 (Check uptime of system)
2026-09-09 21:30:09 Uptime (in seconds): 1948
2026-09-09 21:30:09 Uptime (in days): 0
2026-09-09 21:30:09 ====
2026-09-09 21:30:09 Performing test ID BOOT-5260 (Check single user mode for systemd)
2026-09-09 21:30:09 Test: Searching /usr/lib/systemd/system/rescue.service
2026-09-09 21:30:10 Result: file /rootfsusr/lib/systemd/system/rescue.service does not exist
2026-09-09 21:30:10 ====
2026-09-09 21:30:10 Skipped test BOOT-5262 (Check for OpenBSD boot daemons)
2026-09-09 21:30:10 Reason to skip: Incorrect guest OS (OpenBSD only)
2026-09-09 21:30:10 ====
2026-09-09 21:30:10 Skipped test BOOT-5263 (Check permissions for boot files/scripts)
2026-09-09 21:30:10 Reason to skip: Incorrect guest OS (OpenBSD only)
2026-09-09 21:30:10 ====
2026-09-09 21:30:10 Skipped test BOOT-5264 (Run systemd-analyze security)
2026-09-09 21:30:10 Reason to skip: systemd-analyze not available
2026-09-09 21:30:10 Security check: file is normal
2026-09-09 21:30:10 Checking permissions of /root/lynis/include/tests_kernel
2026-09-09 21:30:10 File permissions are OK
2026-09-09 21:30:10 ====
2026-09-09 21:30:10 Action: Performing tests from category: Kernel
2026-09-09 21:30:10 ====
2026-09-09 21:30:10 Performing test ID KRNL-5622 (Determine Linux default run level)
2026-09-09 21:30:10 Test: Checking for systemd default.target
2026-09-09 21:30:10 Result: no systemd found, so trying inittab
2026-09-09 21:30:10 Test: Checking /rootfsetc/inittab
2026-09-09 21:30:10 Result: file /rootfsetc/inittab not found
2026-09-09 21:30:10 Test: Checking run level with who -r, for Debian based systems
2026-09-09 21:30:10 Result: Can't determine default run level from who -r
2026-09-09 21:30:10 ====
2026-09-09 21:30:10 Performing test ID KRNL-5677 (Check CPU options and support)
2026-09-09 21:30:10 Test: Checking /proc/cpuinfo
2026-09-09 21:30:10 Result: found /proc/cpuinfo
2026-09-09 21:30:10 Test: Checking CPU options (XD/NX/PAE)
2026-09-09 21:30:10 PAE: Yes
2026-09-09 21:30:10 NX: Yes
2026-09-09 21:30:10 Result: PAE or No eXecute option(s) both found
2026-09-09 21:30:10 ====
2026-09-09 21:30:10 Performing test ID KRNL-5695 (Determine Linux kernel version and release number)
2026-09-09 21:30:10 Result: found kernel release 6.18.33.2-microsoft-standard-WSL2
2026-09-09 21:30:10 Result: found kernel version #1 SMP PREEMPT_DYNAMIC Thu Jun 18 21:54:43 UTC 2026
2026-09-09 21:30:10 ====
2026-09-09 21:30:10 Performing test ID KRNL-5723 (Determining if Linux kernel is monolithic)
2026-09-09 21:30:10 Test skipped, lsmod binary not found or /proc/modules can not be opened
2026-09-09 21:30:10 ====
2026-09-09 21:30:10 Performing test ID KRNL-5726 (Checking Linux loaded kernel modules)
2026-09-09 21:30:10 Test skipped, lsmod binary not found or /proc/modules can not be opened
2026-09-09 21:30:10 ====
2026-09-09 21:30:10 Performing test ID KRNL-5728 (Checking Linux kernel config)
2026-09-09 21:30:10 Result: no Linux kernel configuration file found in /rootfsboot
2026-09-09 21:30:10 ====
2026-09-09 21:30:10 Skipped test KRNL-5730 (Checking disk I/O kernel scheduler)
2026-09-09 21:30:10 Reason to skip: Prerequisites not met (ie missing tool, other type of Linux distribution)
2026-09-09 21:30:10 ====
2026-09-09 21:30:10 Skipped test KRNL-5745 (Checking FreeBSD loaded kernel modules)
2026-09-09 21:30:10 Reason to skip: Incorrect guest OS (FreeBSD only)
2026-09-09 21:30:10 ====
2026-09-09 21:30:10 Skipped test KRNL-5831 (Checking DragonFly loaded kernel modules)
2026-09-09 21:30:10 Reason to skip: Incorrect guest OS (DragonFly only)
2026-09-09 21:30:10 ====
2026-09-09 21:30:10 Skipped test KRNL-5770 (Checking active kernel modules)
2026-09-09 21:30:10 Reason to skip: Incorrect guest OS (Solaris only)
2026-09-09 21:30:10 ====
2026-09-09 21:30:10 Performing test ID KRNL-5788 (Checking availability new Linux kernel)
2026-09-09 21:30:10 Test: Searching apt-cache, to determine if a newer kernel is available
2026-09-09 21:30:10 Result: could NOT find /rootfsusr/bin/apt-cache, skipped other tests.
2026-09-09 21:30:10 ====
2026-09-09 21:30:10 Performing test ID KRNL-5820 (Checking core dumps configuration)
2026-09-09 21:30:10 Test: Checking presence of systemd
2026-09-09 21:30:10 Test: Checking presence /rootfsetc/profile
2026-09-09 21:30:10 Test: Checking presence /etc/security/limits.conf
2026-09-09 21:30:10 Result: file /etc/security/limits.conf exists
2026-09-09 21:30:10 Test: Checking if core dumps are disabled in /etc/security/limits.conf and /rootfsetc/security/limits.d/*
2026-09-09 21:30:10 Result: core dumps are not explicitly disabled
2026-09-09 21:30:10 Suggestion: If not required, consider explicit disabling of core dump in /etc/security/limits.conf file [test:KRNL-5820] [details:-] [solution:-]
2026-09-09 21:30:10 Hardening: assigned partial number of hardening points (1 of 3). Currently having 4 points (out of 6)
2026-09-09 21:30:10 Test: Checking presence /usr/etc/security/limits.conf
2026-09-09 21:30:10 Result: file /usr/etc/security/limits.conf does not exist, skipping test for this file
2026-09-09 21:30:10 Test: Checking sysctl value of fs.suid_dumpable
2026-09-09 21:30:10 Result: value 0 found
2026-09-09 21:30:10 Result: found default option (0), no execute only program or program with changed privilege levels can dump
2026-09-09 21:30:10 Hardening: assigned maximum number of hardening points for this item (1). Currently having 5 points (out of 7)
2026-09-09 21:30:10 ====
2026-09-09 21:30:10 Performing test ID KRNL-5830 (Checking if system is running on the latest installed kernel)
2026-09-09 21:30:10 Test: Checking presence /rootfsvar/run/reboot-required.pkgs
2026-09-09 21:30:10 Result: file /rootfsvar/run/reboot-required.pkgs not found
2026-09-09 21:30:10 Test: Checking presence /rootfsvar/run/needs_restarting
2026-09-09 21:30:10 Result: file /rootfsvar/run/needs_restarting not found
2026-09-09 21:30:10 Result: /boot does not exist or not privileged to read files
2026-09-09 21:30:10 Result: /var/cache/apt/archives/ does not exist
2026-09-09 21:30:10 Security check: file is normal
2026-09-09 21:30:10 Checking permissions of /root/lynis/include/tests_memory_processes
2026-09-09 21:30:10 File permissions are OK
2026-09-09 21:30:10 ====
2026-09-09 21:30:10 Action: Performing tests from category: Memory and Processes
2026-09-09 21:30:10 ====
2026-09-09 21:30:10 Performing test ID PROC-3602 (Checking /proc/meminfo for memory details)
2026-09-09 21:30:10 Result: /rootfsproc/meminfo file not found on this system
2026-09-09 21:30:10 ====
2026-09-09 21:30:10 Skipped test PROC-3604 (Query prtconf for memory details)
2026-09-09 21:30:10 Reason to skip: Incorrect guest OS (Solaris only)
2026-09-09 21:30:11 ====
2026-09-09 21:30:11 Performing test ID PROC-3612 (Check dead or zombie processes)
2026-09-09 21:30:11 Result: no zombie processes found
2026-09-09 21:30:11 ====
2026-09-09 21:30:11 Performing test ID PROC-3614 (Check heavy IO waiting based processes)
2026-09-09 21:30:11 Result: No processes were waiting for IO requests to be handled first
2026-09-09 21:30:11 ====
2026-09-09 21:30:11 Performing test ID PROC-3802 (Check presence of prelink tooling)
2026-09-09 21:30:11 Result: prelink package is NOT installed
2026-09-09 21:30:11 Hardening: assigned maximum number of hardening points for this item (3). Currently having 8 points (out of 10)
2026-09-09 21:30:11 Security check: file is normal
2026-09-09 21:30:11 Checking permissions of /root/lynis/include/tests_authentication
2026-09-09 21:30:11 File permissions are OK
2026-09-09 21:30:11 ====
2026-09-09 21:30:11 Action: Performing tests from category: Users, Groups and Authentication
2026-09-09 21:30:11 ====
2026-09-09 21:30:11 Performing test ID AUTH-9204 (Check users with an UID of zero)
2026-09-09 21:30:11 Test: Searching accounts with UID 0
2026-09-09 21:30:11 Result: No accounts found with UID 0 other than root.
2026-09-09 21:30:11 ====
2026-09-09 21:30:11 Performing test ID AUTH-9208 (Check non-unique accounts in passwd file)
2026-09-09 21:30:11 Test: Checking for non-unique accounts
2026-09-09 21:30:11 Result: test skipped, /rootfsetc/passwd file not available
2026-09-09 21:30:11 Remarks: Non unique UIDs can be a risk for the system or part of a configuration mistake
2026-09-09 21:30:11 Prerequisite test: /usr/sbin/chkgrp
2026-09-09 21:30:11 ====
2026-09-09 21:30:11 Skipped test AUTH-9212 (Test group file)
2026-09-09 21:30:11 Reason to skip: Prerequisites not met (ie missing tool, other type of Linux distribution)
2026-09-09 21:30:11 ====
2026-09-09 21:30:11 Performing test ID AUTH-9216 (Check group and shadow group files)
2026-09-09 21:30:11 Test: Checking for grpck binary output
2026-09-09 21:30:11 Result: grpck binary didn't find any errors in the group files
2026-09-09 21:30:11 ====
2026-09-09 21:30:11 Skipped test AUTH-9218 (Check login shells for passwordless accounts)
2026-09-09 21:30:11 Reason to skip: Incorrect guest OS (DragonFly FreeBSD NetBSD OpenBSD only)
2026-09-09 21:30:11 ====
2026-09-09 21:30:11 Performing test ID AUTH-9222 (Check unique groups (IDs))
2026-09-09 21:30:11 Test: Checking for non unique group ID's in /etc/group
2026-09-09 21:30:11 Result: All group ID's are unique
2026-09-09 21:30:11 ====
2026-09-09 21:30:11 Skipped test AUTH-9226 (Check unique group names)
2026-09-09 21:30:11 Reason to skip: Prerequisites not met (ie missing tool, other type of Linux distribution)
2026-09-09 21:30:11 ====
2026-09-09 21:30:11 Skipped test AUTH-9228 (Check password file consistency with pwck)
2026-09-09 21:30:11 Reason to skip: Prerequisites not met (ie missing tool, other type of Linux distribution)
2026-09-09 21:30:11 ====
2026-09-09 21:30:11 Performing test ID AUTH-9229 (Check password hashing methods)
2026-09-09 21:30:11 Test: Checking password hashing methods
2026-09-09 21:30:11 Result: no poor password hashing methods found
2026-09-09 21:30:11 Hardening: assigned maximum number of hardening points for this item (2). Currently having 10 points (out of 12)
2026-09-09 21:30:11 ====
2026-09-09 21:30:11 Skipped test AUTH-9230 (Check password hashing rounds)
2026-09-09 21:30:11 Reason to skip: Prerequisites not met (ie missing tool, other type of Linux distribution)
2026-09-09 21:30:11 ====
2026-09-09 21:30:11 Performing test ID AUTH-9234 (Query user accounts)
2026-09-09 21:30:11 Test: Read system users (including root user) from password database (e.g. /etc/passwd)
2026-09-09 21:30:11 Linux real users output (ID = 0, or 1000+, but not 65534):
2026-09-09 21:30:11 Real user: root,0
2026-09-09 21:30:11 Real user: ubuntu,1000
2026-09-09 21:30:11 ====
2026-09-09 21:30:11 Performing test ID AUTH-9240 (Query NIS+ authentication support)
2026-09-09 21:30:11 Result: NIS+ authentication not enabled
2026-09-09 21:30:11 ====
2026-09-09 21:30:11 Performing test ID AUTH-9242 (Query NIS authentication support)
2026-09-09 21:30:11 Result: NIS authentication not enabled
2026-09-09 21:30:11 ====
2026-09-09 21:30:11 Performing test ID AUTH-9250 (Checking sudoers file)
2026-09-09 21:30:11 Test: checking presence /rootfsetc/sudoers
2026-09-09 21:30:11 Result: file /rootfsetc/sudoers not found
2026-09-09 21:30:11 Test: checking presence /rootfsusr/local/etc/sudoers
2026-09-09 21:30:11 Result: file /rootfsusr/local/etc/sudoers not found
2026-09-09 21:30:11 Test: checking presence /rootfsusr/pkg/etc/sudoers
2026-09-09 21:30:11 Result: file /rootfsusr/pkg/etc/sudoers not found
2026-09-09 21:30:11 Result: sudoers file NOT found
2026-09-09 21:30:11 ====
2026-09-09 21:30:11 Skipped test AUTH-9252 (Check ownership and permissions for sudo configuration files)
2026-09-09 21:30:11 Reason to skip: Prerequisites not met (ie missing tool, other type of Linux distribution)
2026-09-09 21:30:11 ====
2026-09-09 21:30:11 Skipped test AUTH-9254 (Solaris passwordless accounts)
2026-09-09 21:30:11 Reason to skip: Incorrect guest OS (Solaris only)
2026-09-09 21:30:11 ====
2026-09-09 21:30:11 Performing test ID AUTH-9262 (Checking presence password strength testing tools (PAM))
2026-09-09 21:30:11 Searching PAM password testing modules (cracklib, passwdqc, pwquality)
2026-09-09 21:30:11 Result: pam_cracklib.so NOT found (crack library PAM)
2026-09-09 21:30:11 Result: pam_passwdqc.so NOT found (passwd quality control PAM)
2026-09-09 21:30:11 Result: pam_pwquality.so NOT found (pwquality control PAM)
2026-09-09 21:30:11 Result: no PAM modules for password strength testing found
2026-09-09 21:30:11 Suggestion: Install a PAM module for password strength testing like pam_cracklib or pam_passwdqc or libpam-passwdqc [test:AUTH-9262] [details:-] [solution:-]
2026-09-09 21:30:11 Hardening: assigned partial number of hardening points (0 of 3). Currently having 10 points (out of 15)
2026-09-09 21:30:11 ====
2026-09-09 21:30:12 Performing test ID AUTH-9264 (Checking presence pam.conf)
2026-09-09 21:30:12 Test: Checking file /etc/pam.conf
2026-09-09 21:30:12 Result: file /etc/pam.conf could not be found
2026-09-09 21:30:12 ====
2026-09-09 21:30:12 Performing test ID AUTH-9266 (Checking presence pam.d files)
2026-09-09 21:30:12 Test: Checking directory /rootfsetc/pam.d
2026-09-09 21:30:12 Result: directory /etc/pam.d could not be found
2026-09-09 21:30:12 ====
2026-09-09 21:30:12 Performing test ID AUTH-9268 (Checking presence pam.d files)
2026-09-09 21:30:12 Test: Searching pam modules
2026-09-09 21:30:12 Test: Checking /rootfsusr/lib/aarch64-linux-gnu/security
2026-09-09 21:30:12 Result: directory /rootfsusr/lib/aarch64-linux-gnu/security could not be found or is a symlink to another directory
2026-09-09 21:30:12 Test: Checking /rootfslib/arm-linux-gnueabihf/security
2026-09-09 21:30:12 Result: directory /rootfslib/arm-linux-gnueabihf/security could not be found or is a symlink to another directory
2026-09-09 21:30:12 Test: Checking /rootfslib/i386-linux-gnu/security
2026-09-09 21:30:12 Result: directory /rootfslib/i386-linux-gnu/security could not be found or is a symlink to another directory
2026-09-09 21:30:12 Test: Checking /rootfslib/security
2026-09-09 21:30:12 Result: directory /rootfslib/security could not be found or is a symlink to another directory
2026-09-09 21:30:12 Test: Checking /rootfslib/x86_64-linux-gnu/security
2026-09-09 21:30:12 Result: directory /rootfslib/x86_64-linux-gnu/security could not be found or is a symlink to another directory
2026-09-09 21:30:12 Test: Checking /rootfslib/powerpc64le-linux-gnu/security
2026-09-09 21:30:12 Result: directory /rootfslib/powerpc64le-linux-gnu/security could not be found or is a symlink to another directory
2026-09-09 21:30:12 Test: Checking /rootfslib64/security
2026-09-09 21:30:12 Result: directory /rootfslib64/security could not be found or is a symlink to another directory
2026-09-09 21:30:12 Test: Checking /rootfsusr/lib
2026-09-09 21:30:12 Result: directory /rootfsusr/lib could not be found or is a symlink to another directory
2026-09-09 21:30:12 Test: Checking /usr/lib/security
2026-09-09 21:30:12 Result: directory /usr/lib/security could not be found or is a symlink to another directory
2026-09-09 21:30:12 Result: no PAM modules found
2026-09-09 21:30:12 ====
2026-09-09 21:30:12 Performing test ID AUTH-9278 (Determine LDAP support in PAM files)
2026-09-09 21:30:12 Test: checking presence /rootfsetc/pam.d/common-auth
2026-09-09 21:30:12 Result: file /rootfsetc/pam.d/common-auth not found, skipping test
2026-09-09 21:30:12 Test: checking presence /rootfsetc/pam.d/system-auth
2026-09-09 21:30:12 Result: file /rootfsetc/pam.d/system-auth not found, skipping test
2026-09-09 21:30:12 ====
2026-09-09 21:30:12 Performing test ID AUTH-9282 (Checking password protected account without expire date)
2026-09-09 21:30:12 Test: Checking Linux version and password expire date status
2026-09-09 21:30:12 Result: all accounts seem to have an expire date
2026-09-09 21:30:12 ====
2026-09-09 21:30:12 Performing test ID AUTH-9283 (Checking accounts without password)
2026-09-09 21:30:12 Test: Checking passwordless accounts
2026-09-09 21:30:12 Result: all accounts seem to have a password
2026-09-09 21:30:12 ====
2026-09-09 21:30:12 Performing test ID AUTH-9284 (Check locked user accounts in /etc/passwd)
2026-09-09 21:30:12 Test: Checking locked accounts
2026-09-09 21:30:12 Result: all accounts seem to be unlocked
2026-09-09 21:30:12 ====
2026-09-09 21:30:12 Skipped test AUTH-9286 (Checking user password aging)
2026-09-09 21:30:12 Reason to skip: Prerequisites not met (ie missing tool, other type of Linux distribution)
2026-09-09 21:30:12 ====
2026-09-09 21:30:12 Skipped test AUTH-9288 (Checking for expired passwords)
2026-09-09 21:30:12 Reason to skip: Prerequisites not met (ie missing tool, other type of Linux distribution)
2026-09-09 21:30:12 ====
2026-09-09 21:30:12 Skipped test AUTH-9304 (Check single user login configuration)
2026-09-09 21:30:12 Reason to skip: Incorrect guest OS (Solaris only)
2026-09-09 21:30:12 ====
2026-09-09 21:30:12 Skipped test AUTH-9306 (Check single boot authentication)
2026-09-09 21:30:12 Reason to skip: Incorrect guest OS (HP-UX only)
2026-09-09 21:30:12 ====
2026-09-09 21:30:12 Performing test ID AUTH-9308 (Check single user login configuration)
2026-09-09 21:30:12 Test: Searching /rootfsetc/inittab
2026-09-09 21:30:12 Result: file /rootfsetc/inittab does not exist
2026-09-09 21:30:12 Test: Searching /rootfsetc/sysconfig/init
2026-09-09 21:30:12 Result: file /rootfsetc/sysconfig/init does not exist
2026-09-09 21:30:12 Test: going to check several systemd targets now
2026-09-09 21:30:12 Test: checking if target console-shell.service is available (/lib/systemd/system/console-shell.service)
2026-09-09 21:30:12 Result: target console-shell.service not found
2026-09-09 21:30:12 Test: checking if target emergency.service is available (/lib/systemd/system/emergency.service)
2026-09-09 21:30:12 Result: target emergency.service not found
2026-09-09 21:30:12 Test: checking if target rescue.service is available (/lib/systemd/system/rescue.service)
2026-09-09 21:30:12 Result: target rescue.service not found
2026-09-09 21:30:12 Result: no tests performed
2026-09-09 21:30:12 ====
2026-09-09 21:30:12 Performing test ID AUTH-9328 (Default umask values)
2026-09-09 21:30:12 Test: Checking /rootfsetc/profile.d directory
2026-09-09 21:30:12 Result: /etc/profile.d not found
2026-09-09 21:30:12 Test: Checking /etc/profile
2026-09-09 21:30:12 Result: file /etc/profile exists
2026-09-09 21:30:12 Test: Checking umask value in /etc/profile
2026-09-09 21:30:12 Result: did not find umask in /etc/profile
2026-09-09 21:30:12 Result: found no umask. Please check if this is correct
2026-09-09 21:30:12 Test: Checking umask entries in /etc/passwd (pam_umask)
2026-09-09 21:30:12 Result: file /etc/passwd exists
2026-09-09 21:30:12 Test: Checking umask value in /etc/passwd
2026-09-09 21:30:12 Manual: one or more manual actions are required for further testing of this control/plugin
2026-09-09 21:30:12 Test: Checking /etc/login.defs
2026-09-09 21:30:12 Result: file /etc/login.defs exists
2026-09-09 21:30:12 Test: Checking umask value in /etc/login.defs
2026-09-09 21:30:12 Result: umask value is not configured (most likely it will have the default 022 value)
2026-09-09 21:30:12 Suggestion: Default umask in /etc/login.defs could not be found and defaults usually to 022, which could be more strict like 027 [test:AUTH-9328] [details:-] [solution:-]
2026-09-09 21:30:12 Hardening: assigned partial number of hardening points (1 of 2). Currently having 11 points (out of 17)
2026-09-09 21:30:12 Test: Checking /etc/init.d/functions
2026-09-09 21:30:12 Result: file /etc/init.d/functions does not exist
2026-09-09 21:30:12 Test: Checking /etc/init.d/rc
2026-09-09 21:30:12 Result: file /etc/init.d/rc does not exist
2026-09-09 21:30:12 Test: Checking /etc/init.d/rcS
2026-09-09 21:30:12 Result: file /etc/init.d/rcS does not exist
2026-09-09 21:30:12 ====
2026-09-09 21:30:12 Skipped test AUTH-9340 (Solaris account locking)
2026-09-09 21:30:12 Reason to skip: Incorrect guest OS (Solaris only)
2026-09-09 21:30:12 ====
2026-09-09 21:30:12 Performing test ID AUTH-9402 (Query LDAP authentication support)
2026-09-09 21:30:12 Result: /etc/nsswitch.conf not found
2026-09-09 21:30:12 ====
2026-09-09 21:30:12 Skipped test AUTH-9406 (Query LDAP servers in client configuration)
2026-09-09 21:30:12 Reason to skip: Prerequisites not met (ie missing tool, other type of Linux distribution)
2026-09-09 21:30:12 ====
2026-09-09 21:30:13 Performing test ID AUTH-9408 (Logging of failed login attempts)
2026-09-09 21:30:13 Hardening: assigned partial number of hardening points (0 of 1). Currently having 11 points (out of 18)
2026-09-09 21:30:13 ====
2026-09-09 21:30:13 Skipped test AUTH-9409 (Checking /etc/doas.conf file)
2026-09-09 21:30:13 Reason to skip: Incorrect guest OS (OpenBSD only)
2026-09-09 21:30:13 ====
2026-09-09 21:30:13 Skipped test AUTH-9410 (Check /etc/doas.conf file permissions)
2026-09-09 21:30:13 Reason to skip: Incorrect guest OS (OpenBSD only)
2026-09-09 21:30:13 Security check: file is normal
2026-09-09 21:30:13 Checking permissions of /root/lynis/include/tests_kerberos
2026-09-09 21:30:13 File permissions are OK
2026-09-09 21:30:13 ====
2026-09-09 21:30:13 Action: Performing tests from category: Kerberos
2026-09-09 21:30:13 ====
2026-09-09 21:30:13 Performing test ID KRB-1000 (Check for Kerberos KDC tools)
2026-09-09 21:30:13 ====
2026-09-09 21:30:13 Skipped test KRB-1010 (Check that Kerberos principals have passwords that expire)
2026-09-09 21:30:13 Reason to skip: Prerequisites not met (ie missing tool, other type of Linux distribution)
2026-09-09 21:30:13 ====
2026-09-09 21:30:13 Skipped test KRB-1020 (Check last password change for Kerberos principals)
2026-09-09 21:30:13 Reason to skip: Prerequisites not met (ie missing tool, other type of Linux distribution)
2026-09-09 21:30:13 ====
2026-09-09 21:30:13 Skipped test KRB5-1030 (Check that Kerberos principals have a policy associated to them)
2026-09-09 21:30:13 Reason to skip: Prerequisites not met (ie missing tool, other type of Linux distribution)
2026-09-09 21:30:13 ====
2026-09-09 21:30:13 Skipped test KRB5-1040 (Check various attributes for Kerberos principals)
2026-09-09 21:30:13 Reason to skip: Prerequisites not met (ie missing tool, other type of Linux distribution)
2026-09-09 21:30:13 ====
2026-09-09 21:30:13 Skipped test KRB-1050 (Check for weak crypto)
2026-09-09 21:30:13 Reason to skip: Prerequisites not met (ie missing tool, other type of Linux distribution)
2026-09-09 21:30:13 Security check: file is normal
2026-09-09 21:30:13 Checking permissions of /root/lynis/include/tests_shells
2026-09-09 21:30:13 File permissions are OK
2026-09-09 21:30:13 ====
2026-09-09 21:30:13 Action: Performing tests from category: Shells
2026-09-09 21:30:13 ====
2026-09-09 21:30:13 Skipped test SHLL-6202 (Check console TTYs)
2026-09-09 21:30:13 Reason to skip: Incorrect guest OS (FreeBSD only)
2026-09-09 21:30:13 ====
2026-09-09 21:30:13 Performing test ID SHLL-6211 (Available and valid shells)
2026-09-09 21:30:13 Test: Searching for /rootfsetc/shells
2026-09-09 21:30:13 Result: /rootfsetc/shells not found, skipping test
2026-09-09 21:30:13 ====
2026-09-09 21:30:13 Performing test ID SHLL-6220 (Idle session killing tools or settings)
2026-09-09 21:30:13 Test: Search for session timeout tools or settings in shell
2026-09-09 21:30:13 Performing pgrep scan without uid
2026-09-09 21:30:13 IsRunning: process 'timeoutd' not found
2026-09-09 21:30:13 Performing pgrep scan without uid
2026-09-09 21:30:13 IsRunning: process 'autolog' not found
2026-09-09 21:30:13 Result: skip /rootfsetc/profile test, file not available on this system
2026-09-09 21:30:13 Result: skip /rootfsetc/profile.d directory test, directory not available on this system
2026-09-09 21:30:13 Hardening: assigned partial number of hardening points (1 of 3). Currently having 12 points (out of 21)
2026-09-09 21:30:13 ====
2026-09-09 21:30:13 Performing test ID SHLL-6230 (Perform umask check for shell configurations)
2026-09-09 21:30:13 Result: file /rootfsetc/bashrc not found
2026-09-09 21:30:13 Result: file /rootfsetc/bash.bashrc not found
2026-09-09 21:30:13 Result: file /rootfsetc/bash.bashrc.local not found
2026-09-09 21:30:13 Result: file /rootfsetc/csh.cshrc not found
2026-09-09 21:30:13 Result: file /rootfsetc/profile not found
2026-09-09 21:30:13 Security check: file is normal
2026-09-09 21:30:13 Checking permissions of /root/lynis/include/tests_filesystems
2026-09-09 21:30:13 File permissions are OK
2026-09-09 21:30:13 ====
2026-09-09 21:30:13 Action: Performing tests from category: File systems
2026-09-09 21:30:13 ====
2026-09-09 21:30:13 Performing test ID FILE-6310 (Checking /tmp, /home and /var directory)
2026-09-09 21:30:13 Test: Checking if /home is mounted separately or mounted on / file system
2026-09-09 21:30:13 Result: directory /home exists
2026-09-09 21:30:13 Result: /home not found in mount list. Directory most likely stored on / file system
2026-09-09 21:30:13 Suggestion: To decrease the impact of a full /home file system, place /home on a separate partition [test:FILE-6310] [details:-] [solution:-]
2026-09-09 21:30:13 Hardening: assigned partial number of hardening points (9 of 10). Currently having 21 points (out of 31)
2026-09-09 21:30:13 Test: Checking if /tmp is mounted separately or mounted on / file system
2026-09-09 21:30:13 Result: directory /tmp exists
2026-09-09 21:30:13 Result: /tmp not found in mount list. Directory most likely stored on / file system
2026-09-09 21:30:13 Suggestion: To decrease the impact of a full /tmp file system, place /tmp on a separate partition [test:FILE-6310] [details:-] [solution:-]
2026-09-09 21:30:13 Hardening: assigned partial number of hardening points (9 of 10). Currently having 30 points (out of 41)
2026-09-09 21:30:13 Test: Checking if /var is mounted separately or mounted on / file system
2026-09-09 21:30:13 Result: directory /var exists
2026-09-09 21:30:13 Result: /var not found in mount list. Directory most likely stored on / file system
2026-09-09 21:30:13 Suggestion: To decrease the impact of a full /var file system, place /var on a separate partition [test:FILE-6310] [details:-] [solution:-]
2026-09-09 21:30:13 Hardening: assigned partial number of hardening points (9 of 10). Currently having 39 points (out of 51)
2026-09-09 21:30:13 ====
2026-09-09 21:30:13 Skipped test FILE-6311 (Checking LVM volume groups)
2026-09-09 21:30:13 Reason to skip: Prerequisites not met (ie missing tool, other type of Linux distribution)
2026-09-09 21:30:13 ====
2026-09-09 21:30:13 Skipped test FILE-6312 (Checking LVM volumes)
2026-09-09 21:30:13 Reason to skip: Prerequisites not met (ie missing tool, other type of Linux distribution)
2026-09-09 21:30:13 ====
2026-09-09 21:30:13 Performing test ID FILE-6323 (Checking EXT file systems)
2026-09-09 21:30:13 Test: Checking for Linux EXT file systems
2026-09-09 21:30:13 Result: found one or more EXT file systems
2026-09-09 21:30:13 File system: /rootfs/mnt (type: ext4)
2026-09-09 21:30:13 File system: /rootfs/mnt/host/wsl/docker-desktop/docker-desktop-user-distro (type: ext4)
2026-09-09 21:30:14 File system: /rootfs/mnt/host/wslg/distro (type: ext4)
2026-09-09 21:30:14 File system: /rootfs/mnt/docker-desktop-disk (type: ext4)
2026-09-09 21:30:14 File system: /rootfs/run/desktop/mnt (type: ext4)
2026-09-09 21:30:14 File system: /rootfs/run/desktop/mnt/host/wsl/docker-desktop/docker-desktop-user-distro (type: ext4)
2026-09-09 21:30:14 File system: /rootfs/run/desktop/mnt/host/wslg/distro (type: ext4)
2026-09-09 21:30:14 File system: /rootfs/run/desktop/mnt/docker-desktop-disk (type: ext4)
2026-09-09 21:30:14 File system: /rootfs/var/lib (type: ext4)
2026-09-09 21:30:14 File system: /rootfs/usr/lib/wsl (type: ext4)
2026-09-09 21:30:14 File system: /rootfs/usr/lib/modules (type: ext4)
2026-09-09 21:30:14 File system: /rootfs/parent-distro (type: ext4)
2026-09-09 21:30:14 File system: /rootfs/parent-distro/mnt/host/wsl/docker-desktop/docker-desktop-user-distro (type: ext4)
2026-09-09 21:30:14 File system: /rootfs/parent-distro/mnt/host/wslg/distro (type: ext4)
2026-09-09 21:30:14 File system: /rootfs/parent-distro/mnt/docker-desktop-disk (type: ext4)
2026-09-09 21:30:14 File system: /rootfs/parent-distro/mnt (type: ext4)
2026-09-09 21:30:14 File system: /rootfs/parent-distro/mnt/host/wsl/docker-desktop/docker-desktop-user-distro (type: ext4)
2026-09-09 21:30:14 File system: /rootfs/parent-distro/mnt/host/wslg/distro (type: ext4)
2026-09-09 21:30:14 File system: /rootfs/parent-distro/mnt/docker-desktop-disk (type: ext4)
2026-09-09 21:30:14 File system: /etc/resolv.conf (type: ext4)
2026-09-09 21:30:14 File system: /etc/hostname (type: ext4)
2026-09-09 21:30:14 File system: /etc/hosts (type: ext4)
2026-09-09 21:30:14 ====
2026-09-09 21:30:14 Performing test ID FILE-6324 (Checking XFS file systems)
2026-09-09 21:30:14 Test: Checking for Linux XFS file systems
2026-09-09 21:30:14 Result: no XFS file systems found
2026-09-09 21:30:14 ====
2026-09-09 21:30:14 Performing test ID FILE-6329 (Checking FFS/UFS file systems)
2026-09-09 21:30:14 Test: Query /etc/fstab for available FFS/UFS mount points
2026-09-09 21:30:14 Result: unable to find any single mount point (FFS/UFS)
2026-09-09 21:30:14 ====
2026-09-09 21:30:14 Skipped test FILE-6330 (Checking ZFS file systems)
2026-09-09 21:30:14 Reason to skip: Incorrect guest OS (FreeBSD only)
2026-09-09 21:30:14 ====
2026-09-09 21:30:14 Skipped test FILE-6439 (Checking HAMMER PFS mounts)
2026-09-09 21:30:14 Reason to skip: Incorrect guest OS (DragonFly only)
2026-09-09 21:30:14 ====
2026-09-09 21:30:14 Performing test ID FILE-6332 (Checking swap partitions)
2026-09-09 21:30:14 Test: query swap partitions from /etc/fstab file
2026-09-09 21:30:14 Result: no swap partitions found in /etc/fstab
2026-09-09 21:30:14 ====
2026-09-09 21:30:14 Performing test ID FILE-6336 (Checking swap mount options)
2026-09-09 21:30:14 Test: check swap partitions with incorrect mount options
2026-09-09 21:30:14 Result: all swap partitions have correct options (sw or swap)
2026-09-09 21:30:14 ====
2026-09-09 21:30:14 Performing test ID FILE-6344 (Checking proc mount options)
2026-09-09 21:30:14 Test: check proc mount with incorrect mount options
2026-09-09 21:30:14 Hardening: assigned partial number of hardening points (0 of 3). Currently having 39 points (out of 54)
2026-09-09 21:30:14 Result: /proc filesystem is not mounted with option hidepid=1 or hidepid=2
2026-09-09 21:30:14 ====
2026-09-09 21:30:14 Skipped test FILE-6354 (Searching for old files in /tmp)
2026-09-09 21:30:14 Reason to skip: Prerequisites not met (ie missing tool, other type of Linux distribution)
2026-09-09 21:30:14 ====
2026-09-09 21:30:14 Skipped test FILE-6362 (Checking /tmp sticky bit)
2026-09-09 21:30:14 Reason to skip: No /tmp or /tmp is symlinked
2026-09-09 21:30:14 Result: Sticky bit test (on /tmp) skipped. Possible reason: missing directory, or symlinked directory, or test skipped.
2026-09-09 21:30:14 ====
2026-09-09 21:30:14 Skipped test FILE-6363 (Checking /var/tmp sticky bit)
2026-09-09 21:30:14 Reason to skip: No /var/tmp or /var/tmp is symlinked
2026-09-09 21:30:14 Result: Sticky bit test (on /var/tmp) skipped. Possible reason: missing directory, or symlinked directory, or test skipped.
2026-09-09 21:30:14 ====
2026-09-09 21:30:14 Performing test ID FILE-6368 (Checking ACL support on root file system)
2026-09-09 21:30:14 Test: Checking acl option on ext[2-4] root file system
2026-09-09 21:30:14 Result: mount point probably mounted with defaults
2026-09-09 21:30:14 Test: Checking device which holds root file system
2026-09-09 21:30:14 Result: No file system found with root file system
2026-09-09 21:30:14 Test: Checking acl option on xfs root file system
2026-09-09 21:30:14 Result: ACL option enabled on root file system
2026-09-09 21:30:14 Hardening: assigned maximum number of hardening points for this item (3). Currently having 42 points (out of 57)
2026-09-09 21:30:14 ====
2026-09-09 21:30:14 Performing test ID FILE-6372 (Checking / mount options)
2026-09-09 21:30:14 ====
2026-09-09 21:30:14 Performing test ID FILE-6374 (Linux mount options)
2026-09-09 21:30:14 Result: Total without nodev:117 noexec:141 nosuid:105 ro or noexec (W^X): 11, of total 177
2026-09-09 21:30:14 ====
2026-09-09 21:30:14 Performing test ID FILE-6376 (Determine if /var/tmp is bound to /tmp)
2026-09-09 21:30:14 ====
2026-09-09 21:30:14 Performing test ID FILE-6394 (Determine level of swappiness.)
2026-09-09 21:30:14 Test: checking level of vm.swappiness: 60
2026-09-09 21:30:14 Result: vm.swappiness=60 which is the standard level of swappiness and works well for desktop systems.
2026-09-09 21:30:14 ====
2026-09-09 21:30:14 Skipped test FILE-6410 (Checking Locate database)
2026-09-09 21:30:14 Reason to skip: Prerequisites not met (ie missing tool, other type of Linux distribution)
2026-09-09 21:30:14 ====
2026-09-09 21:30:14 Performing test ID FILE-6430 (Disable mounting of some filesystems)
2026-09-09 21:30:15 Test skipped lsmod binary not found or /proc/modules can not be opened
2026-09-09 21:30:15 Security check: file is normal
2026-09-09 21:30:15 Checking permissions of /root/lynis/include/tests_usb
2026-09-09 21:30:15 File permissions are OK
2026-09-09 21:30:15 ====
2026-09-09 21:30:15 Action: Performing tests from category: USB Devices
2026-09-09 21:30:15 ====
2026-09-09 21:30:15 Performing test ID USB-1000 (Check if USB storage is disabled)
2026-09-09 21:30:15 Test: Checking USB storage driver in directory /etc/modprobe.d and configuration file /etc/modprobe.conf
2026-09-09 21:30:15 Result: usb-storage driver is not explicitly disabled
2026-09-09 21:30:15 Suggestion: Disable drivers like USB storage when not used, to prevent unauthorized storage or data theft [test:USB-1000] [details:-] [solution:-]
2026-09-09 21:30:15 Hardening: assigned partial number of hardening points (2 of 3). Currently having 44 points (out of 60)
2026-09-09 21:30:15 ====
2026-09-09 21:30:15 Performing test ID USB-2000 (Check USB authorizations)
2026-09-09 21:30:15 Test: checking presence of USB devices path (/rootfssys/bus/usb/devices)
2026-09-09 21:30:15 Result: devices path does not exist
2026-09-09 21:30:15 ====
2026-09-09 21:30:15 Performing test ID USB-3000 (Check for presence of USBGuard)
2026-09-09 21:30:15 Result: USBGuard not found
2026-09-09 21:30:15 Hardening: assigned partial number of hardening points (0 of 8). Currently having 44 points (out of 68)
2026-09-09 21:30:15 Security check: file is normal
2026-09-09 21:30:15 Checking permissions of /root/lynis/include/tests_storage
2026-09-09 21:30:15 File permissions are OK
2026-09-09 21:30:15 ====
2026-09-09 21:30:15 Action: Performing tests from category: Storage
2026-09-09 21:30:15 ====
2026-09-09 21:30:15 Performing test ID STRG-1846 (Check if firewire storage is disabled)
2026-09-09 21:30:15 Test: Checking firewire storage driver in directory /etc/modprobe.d and configuration file /etc/modprobe.conf
2026-09-09 21:30:15 Result: firewire ohci driver is not explicitly disabled
2026-09-09 21:30:15 Suggestion: Disable drivers like firewire storage when not used, to prevent unauthorized storage or data theft [test:STRG-1846] [details:-] [solution:-]
2026-09-09 21:30:15 Hardening: assigned partial number of hardening points (2 of 3). Currently having 46 points (out of 71)
2026-09-09 21:30:15 Security check: file is normal
2026-09-09 21:30:15 Checking permissions of /root/lynis/include/tests_storage_nfs
2026-09-09 21:30:15 File permissions are OK
2026-09-09 21:30:15 ====
2026-09-09 21:30:15 Action: Performing tests from category: NFS
2026-09-09 21:30:15 ====
2026-09-09 21:30:15 Skipped test STRG-1902 (Check rpcinfo registered programs)
2026-09-09 21:30:15 Reason to skip: Prerequisites not met (ie missing tool, other type of Linux distribution)
2026-09-09 21:30:15 ====
2026-09-09 21:30:15 Skipped test STRG-1904 (Check nfs rpc)
2026-09-09 21:30:15 Reason to skip: Prerequisites not met (ie missing tool, other type of Linux distribution)
2026-09-09 21:30:15 ====
2026-09-09 21:30:15 Skipped test STRG-1906 (Check nfs rpc)
2026-09-09 21:30:15 Reason to skip: Prerequisites not met (ie missing tool, other type of Linux distribution)
2026-09-09 21:30:15 ====
2026-09-09 21:30:15 Performing test ID STRG-1920 (Checking NFS daemon)
2026-09-09 21:30:15 Test: Checking running NFS daemon
2026-09-09 21:30:15 Output: NFS daemon is not running
2026-09-09 21:30:15 ====
2026-09-09 21:30:15 Skipped test STRG-1926 (Checking NFS exports)
2026-09-09 21:30:15 Reason to skip: Prerequisites not met (ie missing tool, other type of Linux distribution)
2026-09-09 21:30:15 ====
2026-09-09 21:30:15 Skipped test STRG-1928 (Checking empty /etc/exports)
2026-09-09 21:30:15 Reason to skip: Prerequisites not met (ie missing tool, other type of Linux distribution)
2026-09-09 21:30:15 ====
2026-09-09 21:30:15 Skipped test STRG-1930 (Check client access to nfs share)
2026-09-09 21:30:15 Reason to skip: Prerequisites not met (ie missing tool, other type of Linux distribution)
2026-09-09 21:30:15 Security check: file is normal
2026-09-09 21:30:15 Checking permissions of /root/lynis/include/tests_nameservices
2026-09-09 21:30:15 File permissions are OK
2026-09-09 21:30:15 ====
2026-09-09 21:30:15 Action: Performing tests from category: Name services
2026-09-09 21:30:15 ====
2026-09-09 21:30:15 Performing test ID NAME-4016 (Check /etc/resolv.conf default domain)
2026-09-09 21:30:15 Test: check /rootfsetc/resolv.conf for default domain
2026-09-09 21:30:15 ====
2026-09-09 21:30:15 Performing test ID NAME-4018 (Check /etc/resolv.conf search domains)
2026-09-09 21:30:15 Test: check /rootfsetc/resolv.conf for search domains
2026-09-09 21:30:15 Result: /rootfsetc/resolv.conf does not exist, skipping test
2026-09-09 21:30:15 ====
2026-09-09 21:30:15 Performing test ID NAME-4020 (Check non default options)
2026-09-09 21:30:15 Test: check /rootfsetc/resolv.conf for non default options
2026-09-09 21:30:15 Result: /etc/resolv.conf not found, test skipped
2026-09-09 21:30:15 ====
2026-09-09 21:30:15 Skipped test NAME-4024 (Solaris uname -n output)
2026-09-09 21:30:15 Reason to skip: Incorrect guest OS (Solaris only)
2026-09-09 21:30:15 ====
2026-09-09 21:30:15 Skipped test NAME-4026 (Check /etc/nodename)
2026-09-09 21:30:15 Reason to skip: Incorrect guest OS (Solaris only)
2026-09-09 21:30:15 ====
2026-09-09 21:30:15 Performing test ID NAME-4028 (Check domain name)
2026-09-09 21:30:15 Test: Checking if dnsdomainname command is available
2026-09-09 21:30:15 Result: dnsdomainname command returned no value
2026-09-09 21:30:15 Result: using domain name from FQDN hostname (docker-desktop)
2026-09-09 21:30:15 Suggestion: Check DNS configuration for the dns domain name [test:NAME-4028] [details:-] [solution:-]
2026-09-09 21:30:15 ====
2026-09-09 21:30:15 Performing test ID NAME-4032 (Check nscd status)
2026-09-09 21:30:15 Test: checking nscd status
2026-09-09 21:30:15 Performing pgrep scan without uid
2026-09-09 21:30:15 IsRunning: process 'nscd' not found
2026-09-09 21:30:15 Result: nscd is not running
2026-09-09 21:30:15 ====
2026-09-09 21:30:16 Performing test ID NAME-4034 (Check Unbound status)
2026-09-09 21:30:16 Test: checking Unbound (unbound) status
2026-09-09 21:30:16 Performing pgrep scan without uid
2026-09-09 21:30:16 IsRunning: process 'unbound' not found
2026-09-09 21:30:16 Result: Unbound daemon is not running
2026-09-09 21:30:16 ====
2026-09-09 21:30:16 Skipped test NAME-4036 (Check Unbound configuration file)
2026-09-09 21:30:16 Reason to skip: Prerequisites not met (ie missing tool, other type of Linux distribution)
2026-09-09 21:30:16 ====
2026-09-09 21:30:16 Performing test ID NAME-4202 (Check BIND status)
2026-09-09 21:30:16 Test: Checking for running BIND instance
2026-09-09 21:30:16 Performing pgrep scan without uid
2026-09-09 21:30:16 IsRunning: process 'named' not found
2026-09-09 21:30:16 Result: BIND not running
2026-09-09 21:30:16 ====
2026-09-09 21:30:16 Skipped test NAME-4204 (Search BIND configuration file)
2026-09-09 21:30:16 Reason to skip: Prerequisites not met (ie missing tool, other type of Linux distribution)
2026-09-09 21:30:16 ====
2026-09-09 21:30:16 Skipped test NAME-4206 (Check BIND configuration consistency)
2026-09-09 21:30:16 Reason to skip: Prerequisites not met (ie missing tool, other type of Linux distribution)
2026-09-09 21:30:16 ====
2026-09-09 21:30:16 Skipped test NAME-4210 (Check DNS banner)
2026-09-09 21:30:16 Reason to skip: Prerequisites not met (ie missing tool, other type of Linux distribution)
2026-09-09 21:30:16 ====
2026-09-09 21:30:16 Performing test ID NAME-4230 (Check PowerDNS status)
2026-09-09 21:30:16 Test: Checking for running PowerDNS instance
2026-09-09 21:30:16 Performing pgrep scan without uid
2026-09-09 21:30:16 IsRunning: process 'pdns_server' not found
2026-09-09 21:30:16 Result: PowerDNS not running
2026-09-09 21:30:16 ====
2026-09-09 21:30:16 Skipped test NAME-4232 (Search PowerDNS configuration file)
2026-09-09 21:30:16 Reason to skip: Prerequisites not met (ie missing tool, other type of Linux distribution)
2026-09-09 21:30:16 ====
2026-09-09 21:30:16 Skipped test NAME-4236 (Check PowerDNS backends)
2026-09-09 21:30:16 Reason to skip: Prerequisites not met (ie missing tool, other type of Linux distribution)
2026-09-09 21:30:16 ====
2026-09-09 21:30:16 Skipped test NAME-4238 (Check PowerDNS authoritative status)
2026-09-09 21:30:16 Reason to skip: Prerequisites not met (ie missing tool, other type of Linux distribution)
2026-09-09 21:30:16 ====
2026-09-09 21:30:16 Performing test ID NAME-4304 (Check NIS ypbind status)
2026-09-09 21:30:16 Test: Checking status of ypbind daemon
2026-09-09 21:30:16 Performing pgrep scan without uid
2026-09-09 21:30:16 IsRunning: process 'ypbind' not found
2026-09-09 21:30:16 Result: ypbind is not active
2026-09-09 21:30:16 ====
2026-09-09 21:30:16 Skipped test NAME-4306 (Check NIS domain)
2026-09-09 21:30:16 Reason to skip: Prerequisites not met (ie missing tool, other type of Linux distribution)
2026-09-09 21:30:16 Result: no /etc/hosts file found
2026-09-09 21:30:16 ====
2026-09-09 21:30:16 Skipped test NAME-4402 (Check duplicate line in /etc/hosts)
2026-09-09 21:30:16 Reason to skip: Prerequisites not met (ie missing tool, other type of Linux distribution)
2026-09-09 21:30:16 ====
2026-09-09 21:30:16 Skipped test NAME-4404 (Check /etc/hosts contains an entry for this server name)
2026-09-09 21:30:16 Reason to skip: Prerequisites not met (ie missing tool, other type of Linux distribution)
2026-09-09 21:30:16 ====
2026-09-09 21:30:16 Skipped test NAME-4406 (Check server hostname mapping)
2026-09-09 21:30:16 Reason to skip: Prerequisites not met (ie missing tool, other type of Linux distribution)
2026-09-09 21:30:16 ====
2026-09-09 21:30:16 Performing test ID NAME-4408 (Check localhost entry)
2026-09-09 21:30:16 Test: Check server hostname not locally mapped in /etc/hosts
2026-09-09 21:30:16 Result: localhost mapped to ::1
2026-09-09 21:30:16 Security check: file is normal
2026-09-09 21:30:16 Checking permissions of /root/lynis/include/tests_dns
2026-09-09 21:30:16 File permissions are OK
2026-09-09 21:30:16 Security check: file is normal
2026-09-09 21:30:16 Checking permissions of /root/lynis/include/tests_ports_packages
2026-09-09 21:30:16 File permissions are OK
2026-09-09 21:30:16 ====
2026-09-09 21:30:16 Action: Performing tests from category: Ports and packages
2026-09-09 21:30:16 ====
2026-09-09 21:30:16 Skipped test PKGS-7200 (Querying apk)
2026-09-09 21:30:16 Reason to skip: Prerequisites not met (ie missing tool, other type of Linux distribution)
2026-09-09 21:30:16 Result: apk NOT
2026-09-09 21:30:16 ====
2026-09-09 21:30:16 Skipped test PKGS-7301 (Query FreeBSD pkg)
2026-09-09 21:30:16 Reason to skip: Prerequisites not met (ie missing tool, other type of Linux distribution)
2026-09-09 21:30:16 ====
2026-09-09 21:30:16 Skipped test PKGS-7302 (Query FreeBSD/NetBSD pkg_info)
2026-09-09 21:30:16 Reason to skip: Prerequisites not met (ie missing tool, other type of Linux distribution)
2026-09-09 21:30:16 ====
2026-09-09 21:30:16 Skipped test PKGS-7303 (Query brew package manager)
2026-09-09 21:30:16 Reason to skip: Prerequisites not met (ie missing tool, other type of Linux distribution)
2026-09-09 21:30:16 Result: brew can NOT be found on this system
2026-09-09 21:30:16 ====
2026-09-09 21:30:16 Skipped test PKGS-7304 (Querying Gentoo packages)
2026-09-09 21:30:16 Reason to skip: Prerequisites not met (ie missing tool, other type of Linux distribution)
2026-09-09 21:30:16 Result: emerge can NOT be found on this system
2026-09-09 21:30:16 ====
2026-09-09 21:30:16 Skipped test PKGS-7305 (Query macOS Apps in /Applications and CoreServices)
2026-09-09 21:30:16 Reason to skip: Incorrect guest OS (macOS only)
2026-09-09 21:30:16 ====
2026-09-09 21:30:16 Skipped test PKGS-7306 (Querying Solaris packages)
2026-09-09 21:30:16 Reason to skip: Incorrect guest OS (Solaris only)
2026-09-09 21:30:16 Result: pkginfo can NOT be found on this system
2026-09-09 21:30:16 ====
2026-09-09 21:30:17 Skipped test PKGS-7308 (Checking package list with RPM)
2026-09-09 21:30:17 Reason to skip: Prerequisites not met (ie missing tool, other type of Linux distribution)
2026-09-09 21:30:17 Result: RPM binary NOT found on this system, test skipped
2026-09-09 21:30:17 ====
2026-09-09 21:30:17 Skipped test PKGS-7310 (Checking package list with pacman)
2026-09-09 21:30:17 Reason to skip: Prerequisites not met (ie missing tool, other type of Linux distribution)
2026-09-09 21:30:17 ====
2026-09-09 21:30:17 Skipped test PKGS-7312 (Checking available updates for pacman based system)
2026-09-09 21:30:17 Reason to skip: Prerequisites not met (ie missing tool, other type of Linux distribution)
2026-09-09 21:30:17 Result: pacman binary NOT found on this system, test skipped
2026-09-09 21:30:17 ====
2026-09-09 21:30:17 Skipped test PKGS-7314 (Checking pacman configuration options)
2026-09-09 21:30:17 Reason to skip: Prerequisites not met (ie missing tool, other type of Linux distribution)
2026-09-09 21:30:17 ====
2026-09-09 21:30:17 Skipped test PKGS-7320 (Checking for arch-audit tooling)
2026-09-09 21:30:17 Reason to skip: Test only applies to Arch Linux and Garuda Linux
2026-09-09 21:30:17 ====
2026-09-09 21:30:17 Skipped test PKGS-7322 (Discover vulnerable packages with arch-audit)
2026-09-09 21:30:17 Reason to skip: arch-audit not found
2026-09-09 21:30:17 ====
2026-09-09 21:30:17 Skipped test PKGS-7328 (Querying Zypper for installed packages)
2026-09-09 21:30:17 Reason to skip: Prerequisites not met (ie missing tool, other type of Linux distribution)
2026-09-09 21:30:17 ====
2026-09-09 21:30:17 Skipped test PKGS-7330 (Querying Zypper for vulnerable packages)
2026-09-09 21:30:17 Reason to skip: Prerequisites not met (ie missing tool, other type of Linux distribution)
2026-09-09 21:30:17 ====
2026-09-09 21:30:17 Skipped test PKGS-7332 (Query macOS ports)
2026-09-09 21:30:17 Reason to skip: Incorrect guest OS (macOS only)
2026-09-09 21:30:17 ====
2026-09-09 21:30:17 Skipped test PKGS-7334 (Query port for port upgrades)
2026-09-09 21:30:17 Reason to skip: Incorrect guest OS (macOS only)
2026-09-09 21:30:17 ====
2026-09-09 21:30:17 Skipped test PKGS-7345 (Querying dpkg)
2026-09-09 21:30:17 Reason to skip: Prerequisites not met (ie missing tool, other type of Linux distribution)
2026-09-09 21:30:17 Result: dpkg can NOT be found on this system, test skipped
2026-09-09 21:30:17 ====
2026-09-09 21:30:17 Skipped test PKGS-7346 (Search unpurged packages on system)
2026-09-09 21:30:17 Reason to skip: Prerequisites not met (ie missing tool, other type of Linux distribution)
2026-09-09 21:30:17 Result: dpkg can NOT be found on this system, test skipped
2026-09-09 21:30:17 ====
2026-09-09 21:30:17 Skipped test PKGS-7348 (Check for old distfiles)
2026-09-09 21:30:17 Reason to skip: Incorrect guest OS (FreeBSD only)
2026-09-09 21:30:17 ====
2026-09-09 21:30:17 Skipped test PKGS-7350 (Checking for installed packages with DNF utility)
2026-09-09 21:30:17 Reason to skip: Prerequisites not met (ie missing tool, other type of Linux distribution)
2026-09-09 21:30:17 ====
2026-09-09 21:30:17 Skipped test PKGS-7352 (Checking for security updates with DNF utility)
2026-09-09 21:30:17 Reason to skip: Prerequisites not met (ie missing tool, other type of Linux distribution)
2026-09-09 21:30:17 ====
2026-09-09 21:30:17 Skipped test PKGS-7354 (Checking package database integrity)
2026-09-09 21:30:17 Reason to skip: Prerequisites not met (ie missing tool, other type of Linux distribution)
2026-09-09 21:30:17 ====
2026-09-09 21:30:17 Skipped test PKGS-7366 (Checking for debsecan utility)
2026-09-09 21:30:17 Reason to skip: Prerequisites not met (ie missing tool, other type of Linux distribution)
2026-09-09 21:30:17 ====
2026-09-09 21:30:17 Performing test ID PKGS-7370 (Checking for debsums utility)
2026-09-09 21:30:17 Result: debsums utility is not installed.
2026-09-09 21:30:17 Hardening: assigned partial number of hardening points (0 of 2). Currently having 46 points (out of 73)
2026-09-09 21:30:17 Suggestion: Install debsums utility for the verification of packages with known good database. [test:PKGS-7370] [details:-] [solution:-]
2026-09-09 21:30:17 ====
2026-09-09 21:30:17 Skipped test PKGS-7378 (Query portmaster for port upgrades)
2026-09-09 21:30:17 Reason to skip: Prerequisites not met (ie missing tool, other type of Linux distribution)
2026-09-09 21:30:17 ====
2026-09-09 21:30:17 Skipped test PKGS-7380 (Check for vulnerable NetBSD packages)
2026-09-09 21:30:17 Reason to skip: Incorrect guest OS (NetBSD only)
2026-09-09 21:30:17 ====
2026-09-09 21:30:17 Skipped test PKGS-7381 (Check for vulnerable FreeBSD packages with pkg)
2026-09-09 21:30:17 Reason to skip: pkg tool not available
2026-09-09 21:30:17 ====
2026-09-09 21:30:17 Skipped test PKGS-7382 (Check for vulnerable FreeBSD packages with portaudit)
2026-09-09 21:30:17 Reason to skip: Prerequisites not met (ie missing tool, other type of Linux distribution)
2026-09-09 21:30:17 ====
2026-09-09 21:30:17 Skipped test PKGS-7383 (Check for YUM package update management)
2026-09-09 21:30:17 Reason to skip: Prerequisites not met (ie missing tool, other type of Linux distribution)
2026-09-09 21:30:17 ====
2026-09-09 21:30:17 Skipped test PKGS-7384 (Check for YUM utils package)
2026-09-09 21:30:17 Reason to skip: Prerequisites not met (ie missing tool, other type of Linux distribution)
2026-09-09 21:30:17 ====
2026-09-09 21:30:17 Skipped test PKGS-7386 (Check for YUM security package)
2026-09-09 21:30:17 Reason to skip: Prerequisites not met (ie missing tool, other type of Linux distribution)
2026-09-09 21:30:17 ====
2026-09-09 21:30:17 Skipped test PKGS-7387 (Check for GPG signing in YUM security package)
2026-09-09 21:30:06 Reason to skip: Prerequisites not met (ie missing tool, other type of Linux distribution)
2026-09-09 21:30:06 ====
2026-09-09 21:30:06 Skipped test PKGS-7388 (Check security repository in apt sources.list file)
2026-09-09 21:30:06 Reason to skip: Prerequisites not met (ie missing tool, other type of Linux distribution)
2026-09-09 21:30:06 ====
2026-09-09 21:30:06 Skipped test PKGS-7390 (Check Ubuntu database consistency)
2026-09-09 21:30:06 Reason to skip: Prerequisites not met (ie missing tool, other type of Linux distribution)
2026-09-09 21:30:06 ====
2026-09-09 21:30:06 Skipped test PKGS-7392 (Check for Debian/Ubuntu security updates)
2026-09-09 21:30:06 Reason to skip: Prerequisites not met (ie missing tool, other type of Linux distribution)
2026-09-09 21:30:06 ====
2026-09-09 21:30:06 Skipped test PKGS-7393 (Check for Gentoo vulnerable packages)
2026-09-09 21:30:06 Reason to skip: Prerequisites not met (ie missing tool, other type of Linux distribution)
2026-09-09 21:30:06 ====
2026-09-09 21:30:06 Skipped test PKGS-7394 (Check for Ubuntu updates)
2026-09-09 21:30:06 Reason to skip: Prerequisites not met (ie missing tool, other type of Linux distribution)
2026-09-09 21:30:06 ====
2026-09-09 21:30:18 Skipped test PKGS-7395 (Check for Alpine updates)
2026-09-09 21:30:18 Reason to skip: Prerequisites not met (ie missing tool, other type of Linux distribution)
2026-09-09 21:30:18 ====
2026-09-09 21:30:19 Performing test ID PKGS-7398 (Check for package audit tool)
2026-09-09 21:30:19 Test: checking for package audit tool
2026-09-09 21:30:19 Suggestion: Install a package audit tool to determine vulnerable packages [test:PKGS-7398] [details:-] [solution:-]
2026-09-09 21:30:19 Result: no package audit tool found
2026-09-09 21:30:19 ====
2026-09-09 21:30:19 Performing test ID PKGS-7410 (Count installed kernel packages)
2026-09-09 21:30:19 Test: Checking how many kernel packages are installed
2026-09-09 21:30:19 Result: found no kernels from dpkg -l output, which is unexpected
2026-09-09 21:30:19 ====
2026-09-09 21:30:19 Performing test ID PKGS-7420 (Detect toolkit to automatically download and apply upgrades)
2026-09-09 21:30:19 Hardening: assigned partial number of hardening points (1 of 5). Currently having 47 points (out of 78)
2026-09-09 21:30:19 Result: no toolkit for automatic updates discovered
2026-09-09 21:30:19 Suggestion: Consider using a tool to automatically apply upgrades [test:PKGS-7420] [details:-] [solution:-]
2026-09-09 21:30:19 Security check: file is normal
2026-09-09 21:30:19 Checking permissions of /root/lynis/include/tests_networking
2026-09-09 21:30:19 File permissions are OK
2026-09-09 21:30:19 ====
2026-09-09 21:30:19 Action: Performing tests from category: Networking
2026-09-09 21:30:19 ====
2026-09-09 21:30:19 Performing test ID NETW-2400 (Hostname length and value check)
2026-09-09 21:30:19 Result: FQDN is defined and not longer than 253 characters (14 characters)
2026-09-09 21:30:19 Result: hostnamed is defined and not longer than 63 characters
2026-09-09 21:30:19 Result: good, no unexpected characters discovered in hostname
2026-09-09 21:30:19 ====
2026-09-09 21:30:19 Performing test ID NETW-2600 (Checking IPv6 configuration)
2026-09-09 21:30:22 Result: IPV6 mode is auto
2026-09-09 21:30:22 Result: IPv6 only configuration: NO
2026-09-09 21:30:22 ====
2026-09-09 21:30:22 Performing test ID NETW-2704 (Basic nameserver configuration tests)
2026-09-09 21:30:22 Test: Checking /etc/resolv.conf file
2026-09-09 21:30:22 Result: Found /etc/resolv.conf file
2026-09-09 21:30:22 Test: Querying nameservers
2026-09-09 21:30:22 Found nameserver: 192.168.65.7
2026-09-09 21:30:22 Result: Nameserver test for 192.168.65.7 skipped, 'dig' not installed
2026-09-09 21:30:22 ====
2026-09-09 21:30:22 Performing test ID NETW-2705 (Check availability two nameservers)
2026-09-09 21:30:22 Result: dig not installed, test can't be fully performed
2026-09-09 21:30:22 ====
2026-09-09 21:30:22 Skipped test NETW-2706 (Check systemd-resolved and upstream DNSSEC status)
2026-09-09 21:30:22 Reason to skip: Prerequisites not met (ie missing tool, other type of Linux distribution)
2026-09-09 21:30:22 Result: Test most likely skipped due to not having resolvectl
2026-09-09 21:30:22 ====
2026-09-09 21:30:22 Skipped test NETW-3001 (Find default gateway (route))
2026-09-09 21:30:22 Reason to skip: Prerequisites not met (ie missing tool, other type of Linux distribution)
2026-09-09 21:30:22 ====
2026-09-09 21:30:22 Performing test ID NETW-3004 (Search for available network interfaces)
2026-09-09 21:30:22 Exception: test has an exceptional event (NETW-3004:1) with text No interfaces found on this system (OS=Linux)
2026-09-09 21:30:27 ====
2026-09-09 21:30:27 Performing test ID NETW-3006 (Get network MAC addresses)
2026-09-09 21:30:27 Exception: test has an exceptional event (NETW-3006:2) with text Missing ifconfig or ip command to collect hardware address (MAC)
2026-09-09 21:30:32 ====
2026-09-09 21:30:32 Performing test ID NETW-3008 (Get network IP addresses)
2026-09-09 21:30:32 Exception: test has an exceptional event (NETW-3008:2) with text Missing ifconfig or ip command to collect hardware address (MAC)
2026-09-09 21:30:37 ====
2026-09-09 21:30:37 Performing test ID NETW-3012 (Check listening ports)
2026-09-09 21:30:37 Exception: test has an exceptional event (NETW-3012:1) with text netstat and ss binary missing to gather listening ports
2026-09-09 21:30:42 ====
2026-09-09 21:30:42 Skipped test NETW-3014 (Checking promiscuous interfaces (BSD))
2026-09-09 21:30:42 Reason to skip: Prerequisites not met (ie missing tool, other type of Linux distribution)
2026-09-09 21:30:42 ====
2026-09-09 21:30:42 Performing test ID NETW-3015 (Checking promiscuous interfaces (Linux))
2026-09-09 21:30:42 Test: Checking all interfaces to discover any with promiscuous mode enabled
2026-09-09 21:30:42 Result: no network interfaces discovered, so nothing tested
2026-09-09 21:30:42 ====
2026-09-09 21:30:42 Skipped test NETW-3028 (Checking connections in WAIT state)
2026-09-09 21:30:42 Reason to skip: Prerequisites not met (ie missing tool, other type of Linux distribution)
2026-09-09 21:30:42 ====
2026-09-09 21:30:42 Performing test ID NETW-3030 (Checking DHCP client status)
2026-09-09 21:30:42 Performing pgrep scan without uid
2026-09-09 21:30:42 IsRunning: process 'dhclient' not found
2026-09-09 21:30:42 Performing pgrep scan without uid
2026-09-09 21:30:42 IsRunning: process 'dhcpcd' not found
2026-09-09 21:30:42 Performing pgrep scan without uid
2026-09-09 21:30:42 IsRunning: process 'udhcpc' not found
2026-09-09 21:30:42 ====
2026-09-09 21:30:42 Performing test ID NETW-3032 (Checking for ARP monitoring software)
2026-09-09 21:30:42 Performing pgrep scan without uid
2026-09-09 21:30:42 IsRunning: process 'addrwatch' not found
2026-09-09 21:30:42 Performing pgrep scan without uid
2026-09-09 21:30:43 IsRunning: process 'arpwatch' not found
2026-09-09 21:30:43 Performing pgrep scan without uid
2026-09-09 21:30:43 IsRunning: process 'arpon' not found
2026-09-09 21:30:43 ====
2026-09-09 21:30:43 Performing test ID NETW-3200 (Determine available network protocols)
2026-09-09 21:30:43 Test: checking the status of some network protocols that typically are not used
2026-09-09 21:30:43 Test: now checking module 'dccp'
2026-09-09 21:30:43 Suggestion: Determine if protocol 'dccp' is really needed on this system [test:NETW-3200] [details:-] [solution:-]
2026-09-09 21:30:43 Test: now checking module 'sctp'
2026-09-09 21:30:43 Suggestion: Determine if protocol 'sctp' is really needed on this system [test:NETW-3200] [details:-] [solution:-]
2026-09-09 21:30:43 Test: now checking module 'rds'
2026-09-09 21:30:43 Suggestion: Determine if protocol 'rds' is really needed on this system [test:NETW-3200] [details:-] [solution:-]
2026-09-09 21:30:43 Test: now checking module 'tipc'
2026-09-09 21:30:43 Suggestion: Determine if protocol 'tipc' is really needed on this system [test:NETW-3200] [details:-] [solution:-]
2026-09-09 21:30:43 Security check: file is normal
2026-09-09 21:30:43 Checking permissions of /root/lynis/include/tests_printers_spoolers
2026-09-09 21:30:43 File permissions are OK
2026-09-09 21:30:43 ====
2026-09-09 21:30:43 Action: Performing tests from category: Printers and Spools
2026-09-09 21:30:43 ====
2026-09-09 21:30:43 Skipped test PRNT-2302 (Check for printcap consistency)
2026-09-09 21:30:43 Reason to skip: Incorrect guest OS (FreeBSD only)
2026-09-09 21:30:43 ====
2026-09-09 21:30:43 Performing test ID PRNT-2304 (Check cupsd status)
2026-09-09 21:30:43 Test: Checking cupsd status
2026-09-09 21:30:43 Performing pgrep scan without uid
2026-09-09 21:30:43 IsRunning: process 'cupsd' not found
2026-09-09 21:30:43 Result: cups daemon not running, cups daemon tests skipped
2026-09-09 21:30:43 ====
2026-09-09 21:30:43 Skipped test PRNT-2306 (Check CUPSd configuration file)
2026-09-09 21:30:43 Reason to skip: Prerequisites not met (ie missing tool, other type of Linux distribution)
2026-09-09 21:30:43 ====
2026-09-09 21:30:43 Skipped test PRNT-2307 (Check CUPSd configuration file permissions)
2026-09-09 21:30:43 Reason to skip: Prerequisites not met (ie missing tool, other type of Linux distribution)
2026-09-09 21:30:43 ====
2026-09-09 21:30:43 Skipped test PRNT-2308 (Check CUPSd network configuration)
2026-09-09 21:30:43 Reason to skip: Prerequisites not met (ie missing tool, other type of Linux distribution)
2026-09-09 21:30:43 ====
2026-09-09 21:30:43 Performing test ID PRNT-2314 (Check lpd status)
2026-09-09 21:30:43 Test: Checking lpd status
2026-09-09 21:30:43 Performing pgrep scan without uid
2026-09-09 21:30:43 IsRunning: process 'lpd' not found
2026-09-09 21:30:43 Result: lp daemon not running
2026-09-09 21:30:43 Hardening: assigned maximum number of hardening points for this item (4). Currently having 51 points (out of 82)
2026-09-09 21:30:43 ====
2026-09-09 21:30:43 Skipped test PRNT-2316 (Checking /etc/qconfig file)
2026-09-09 21:30:43 Reason to skip: Incorrect guest OS (AIX only)
2026-09-09 21:30:43 ====
2026-09-09 21:30:43 Skipped test PRNT-2418 (Checking qdaemon printer spooler status)
2026-09-09 21:30:43 Reason to skip: Incorrect guest OS (AIX only)
2026-09-09 21:30:43 ====
2026-09-09 21:30:43 Skipped test PRNT-2420 (Checking old print jobs)
2026-09-09 21:30:43 Reason to skip: Incorrect guest OS (AIX only)
2026-09-09 21:30:43 Security check: file is normal
2026-09-09 21:30:43 Checking permissions of /root/lynis/include/tests_mail_messaging
2026-09-09 21:30:43 File permissions are OK
2026-09-09 21:30:43 ====
2026-09-09 21:30:43 Action: Performing tests from category: Software: e-mail and messaging
2026-09-09 21:30:43 ====
2026-09-09 21:30:43 Performing test ID MAIL-8802 (Check Exim status)
2026-09-09 21:30:43 Test: check Exim status
2026-09-09 21:30:43 Performing pgrep scan without uid
2026-09-09 21:30:43 IsRunning: process 'exim4' not found
2026-09-09 21:30:43 Performing pgrep scan without uid
2026-09-09 21:30:43 IsRunning: process 'exim' not found
2026-09-09 21:30:43 Result: no running Exim processes found
2026-09-09 21:30:43 ====
2026-09-09 21:30:43 Skipped test MAIL-8804 (Exim configuration options)
2026-09-09 21:30:43 Reason to skip: Prerequisites not met (ie missing tool, other type of Linux distribution)
2026-09-09 21:30:43 ====
2026-09-09 21:30:43 Performing test ID MAIL-8814 (Check postfix process status)
2026-09-09 21:30:43 Test: check Postfix status
2026-09-09 21:30:43 Result: no running Postfix processes found
2026-09-09 21:30:43 ====
2026-09-09 21:30:43 Skipped test MAIL-8816 (Check Postfix configuration)
2026-09-09 21:30:43 Reason to skip: Prerequisites not met (ie missing tool, other type of Linux distribution)
2026-09-09 21:30:43 ====
2026-09-09 21:30:43 Skipped test MAIL-8817 (Check Postfix configuration errors)
2026-09-09 21:30:43 Reason to skip: Prerequisites not met (ie missing tool, other type of Linux distribution)
2026-09-09 21:30:43 ====
2026-09-09 21:30:43 Skipped test MAIL-8818 (Check Postfix configuration: banner)
2026-09-09 21:30:43 Reason to skip: Prerequisites not met (ie missing tool, other type of Linux distribution)
2026-09-09 21:30:43 ====
2026-09-09 21:30:43 Performing test ID MAIL-8820 (Postfix configuration scan)
2026-09-09 21:30:43 ====
2026-09-09 21:30:43 Performing test ID MAIL-8838 (Check dovecot process)
2026-09-09 21:30:43 Test: check dovecot status
2026-09-09 21:30:43 Performing pgrep scan without uid
2026-09-09 21:30:43 IsRunning: process 'dovecot' not found
2026-09-09 21:30:43 Result: dovecot not found
2026-09-09 21:30:43 ====
2026-09-09 21:30:43 Performing test ID MAIL-8860 (Check Qmail status)
2026-09-09 21:30:43 Test: check Qmail status
2026-09-09 21:30:43 Performing pgrep scan without uid
2026-09-09 21:30:43 IsRunning: process 'qmail-smtpd' not found
2026-09-09 21:30:43 Result: no running Qmail processes found
2026-09-09 21:30:44 ====
2026-09-09 21:30:44 Performing test ID MAIL-8880 (Check Sendmail status)
2026-09-09 21:30:44 Test: check sendmail status
2026-09-09 21:30:44 Performing pgrep scan without uid
2026-09-09 21:30:44 IsRunning: process 'sendmail' not found
2026-09-09 21:30:44 Result: no running Sendmail processes found
2026-09-09 21:30:44 ====
2026-09-09 21:30:44 Skipped test MAIL-8920 (Check OpenSMTPD status)
2026-09-09 21:30:44 Reason to skip: Prerequisites not met (ie missing tool, other type of Linux distribution)
2026-09-09 21:30:44 Security check: file is normal
2026-09-09 21:30:44 Checking permissions of /root/lynis/include/tests_firewalls
2026-09-09 21:30:44 File permissions are OK
2026-09-09 21:30:44 ====
2026-09-09 21:30:44 Action: Performing tests from category: Software: firewalls
2026-09-09 21:30:44 ====
2026-09-09 21:30:44 Performing test ID FIRE-4502 (Check iptables kernel module)
2026-09-09 21:30:44 Result: found kernel configuration file (/proc/config.gz)
2026-09-09 21:30:44 Result: no iptables found in Linux kernel config file
2026-09-09 21:30:44 ====
2026-09-09 21:30:44 Skipped test FIRE-4508 (Check used policies of iptables chains)
2026-09-09 21:30:44 Reason to skip: Prerequisites not met (ie missing tool, other type of Linux distribution)
2026-09-09 21:30:44 ====
2026-09-09 21:30:44 Skipped test FIRE-4512 (Check iptables for empty ruleset)
2026-09-09 21:30:44 Reason to skip: Prerequisites not met (ie missing tool, other type of Linux distribution)
2026-09-09 21:30:44 ====
2026-09-09 21:30:44 Skipped test FIRE-4513 (Check iptables for unused rules)
2026-09-09 21:30:44 Reason to skip: Prerequisites not met (ie missing tool, other type of Linux distribution)
2026-09-09 21:30:44 ====
2026-09-09 21:30:44 Skipped test FIRE-4518 (Check pf firewall components)
2026-09-09 21:30:44 Reason to skip: No /dev/pf device
2026-09-09 21:30:44 ====
2026-09-09 21:30:44 Skipped test FIRE-4520 (Check pf configuration consistency)
2026-09-09 21:30:44 Reason to skip: Prerequisites not met (ie missing tool, other type of Linux distribution)
2026-09-09 21:30:44 ====
2026-09-09 21:30:44 Performing test ID FIRE-4524 (Check for CSF presence)
2026-09-09 21:30:44 Test: check /etc/csf/csf.conf
2026-09-09 21:30:44 Result: /etc/csf/csf.conf does NOT exist
2026-09-09 21:30:44 ====
2026-09-09 21:30:44 Skipped test FIRE-4526 (Check ipf status)
2026-09-09 21:30:44 Reason to skip: Incorrect guest OS (Solaris only)
2026-09-09 21:30:44 ====
2026-09-09 21:30:44 Skipped test FIRE-4530 (Check IPFW status)
2026-09-09 21:30:44 Reason to skip: Incorrect guest OS (FreeBSD only)
2026-09-09 21:30:44 ====
2026-09-09 21:30:44 Skipped test FIRE-4532 (Check macOS application firewall)
2026-09-09 21:30:44 Reason to skip: Incorrect guest OS (macOS only)
2026-09-09 21:30:44 ====
2026-09-09 21:30:44 Skipped test FIRE-4534 (Check for presence of outbound firewalls on macOS)
2026-09-09 21:30:44 Reason to skip: Incorrect guest OS (macOS only)
2026-09-09 21:30:44 ====
2026-09-09 21:30:44 Skipped test FIRE-4536 (Check nftables status)
2026-09-09 21:30:44 Reason to skip: Prerequisites not met (ie missing tool, other type of Linux distribution)
2026-09-09 21:30:44 ====
2026-09-09 21:30:44 Skipped test FIRE-4538 (Check nftables basic configuration)
2026-09-09 21:30:44 Reason to skip: Prerequisites not met (ie missing tool, other type of Linux distribution)
2026-09-09 21:30:44 ====
2026-09-09 21:30:44 Skipped test FIRE-4540 (Check for empty nftables configuration)
2026-09-09 21:30:44 Reason to skip: Prerequisites not met (ie missing tool, other type of Linux distribution)
2026-09-09 21:30:44 ====
2026-09-09 21:30:44 Skipped test FIRE-4586 (Check firewall logging)
2026-09-09 21:30:44 Reason to skip: Prerequisites not met (ie missing tool, other type of Linux distribution)
2026-09-09 21:30:44 ====
2026-09-09 21:30:44 Performing test ID FIRE-4590 (Check firewall status)
2026-09-09 21:30:44 Result: no host based firewall/packet filter found or configured
2026-09-09 21:30:44 Suggestion: Configure a firewall/packet filter to filter incoming and outgoing traffic [test:FIRE-4590] [details:-] [solution:-]
2026-09-09 21:30:44 Hardening: assigned partial number of hardening points (0 of 5). Currently having 51 points (out of 87)
2026-09-09 21:30:44 ====
2026-09-09 21:30:44 Performing test ID FIRE-4594 (Check for APF presence)
2026-09-09 21:30:44 Test: check /etc/apf/conf.apf
2026-09-09 21:30:44 Result: /etc/apf/conf.apf does NOT exist
2026-09-09 21:30:44 Security check: file is normal
2026-09-09 21:30:44 Checking permissions of /root/lynis/include/tests_webservers
2026-09-09 21:30:44 File permissions are OK
2026-09-09 21:30:44 ====
2026-09-09 21:30:44 Action: Performing tests from category: Software: webserver
2026-09-09 21:30:44 Action: created temporary file /tmp/lynis.NTZuYf75Je
2026-09-09 21:30:44 Action: created temporary file /tmp/lynis.j67VWnI6mE
2026-09-09 21:30:44 Action: created temporary file /tmp/lynis.GRujzrsWEr
2026-09-09 21:30:44 ====
2026-09-09 21:30:44 Performing test ID HTTP-6622 (Checking Apache presence)
2026-09-09 21:30:44 ====
2026-09-09 21:30:44 Skipped test HTTP-6624 (Testing main Apache configuration file)
2026-09-09 21:30:44 Reason to skip: Prerequisites not met (ie missing tool, other type of Linux distribution)
2026-09-09 21:30:44 ====
2026-09-09 21:30:44 Skipped test HTTP-6626 (Testing other Apache configuration file)
2026-09-09 21:30:44 Reason to skip: Prerequisites not met (ie missing tool, other type of Linux distribution)
2026-09-09 21:30:44 ====
2026-09-09 21:30:44 Skipped test HTTP-6632 (Determining all available Apache modules)
2026-09-09 21:30:44 Reason to skip: Prerequisites not met (ie missing tool, other type of Linux distribution)
2026-09-09 21:30:44 ====
2026-09-09 21:30:45 Skipped test HTTP-6640 (Determining existence of specific Apache modules)
2026-09-09 21:30:45 Reason to skip: Prerequisites not met (ie missing tool, other type of Linux distribution)
2026-09-09 21:30:45 ====
2026-09-09 21:30:45 Skipped test HTTP-6641 (Determining existence of specific Apache modules)
2026-09-09 21:30:45 Reason to skip: Prerequisites not met (ie missing tool, other type of Linux distribution)
2026-09-09 21:30:45 ====
2026-09-09 21:30:45 Skipped test HTTP-6643 (Determining existence of specific Apache modules)
2026-09-09 21:30:45 Reason to skip: Prerequisites not met (ie missing tool, other type of Linux distribution)
2026-09-09 21:30:45 ====
2026-09-09 21:30:45 Skipped test HTTP-6660 (Checking Apache security setting: TraceEnable)
2026-09-09 21:30:45 Reason to skip: Prerequisites not met (ie missing tool, other type of Linux distribution)
2026-09-09 21:30:45 ====
2026-09-09 21:30:45 Performing test ID HTTP-6702 (Check nginx process)
2026-09-09 21:30:45 Test: searching running nginx process
2026-09-09 21:30:45 Performing pgrep scan without uid
2026-09-09 21:30:45 IsRunning: process 'nginx' not found
2026-09-09 21:30:45 Result: no running nginx process found
2026-09-09 21:30:45 ====
2026-09-09 21:30:45 Skipped test HTTP-6704 (Check nginx configuration file)
2026-09-09 21:30:45 Reason to skip: Prerequisites not met (ie missing tool, other type of Linux distribution)
2026-09-09 21:30:45 ====
2026-09-09 21:30:45 Skipped test HTTP-6706 (Check for additional nginx configuration files)
2026-09-09 21:30:45 Reason to skip: Prerequisites not met (ie missing tool, other type of Linux distribution)
2026-09-09 21:30:45 ====
2026-09-09 21:30:45 Skipped test HTTP-6708 (Check discovered nginx configuration settings)
2026-09-09 21:30:45 Reason to skip: Prerequisites not met (ie missing tool, other type of Linux distribution)
2026-09-09 21:30:45 ====
2026-09-09 21:30:45 Skipped test HTTP-6710 (Check nginx SSL configuration settings)
2026-09-09 21:30:45 Reason to skip: Prerequisites not met (ie missing tool, other type of Linux distribution)
2026-09-09 21:30:45 ====
2026-09-09 21:30:45 Skipped test HTTP-6712 (Check nginx access logging)
2026-09-09 21:30:45 Reason to skip: Prerequisites not met (ie missing tool, other type of Linux distribution)
2026-09-09 21:30:45 ====
2026-09-09 21:30:45 Skipped test HTTP-6714 (Check for missing error logs in nginx)
2026-09-09 21:30:45 Reason to skip: Prerequisites not met (ie missing tool, other type of Linux distribution)
2026-09-09 21:30:45 ====
2026-09-09 21:30:45 Skipped test HTTP-6716 (Check for debug mode on error log in nginx)
2026-09-09 21:30:45 Reason to skip: Prerequisites not met (ie missing tool, other type of Linux distribution)
2026-09-09 21:30:45 ====
2026-09-09 21:30:45 Skipped test HTTP-6720 (Check Nginx log files)
2026-09-09 21:30:45 Reason to skip: Prerequisites not met (ie missing tool, other type of Linux distribution)
2026-09-09 21:30:45 Security check: file is normal
2026-09-09 21:30:45 Checking permissions of /root/lynis/include/tests_ssh
2026-09-09 21:30:45 File permissions are OK
2026-09-09 21:30:45 ====
2026-09-09 21:30:45 Action: Performing tests from category: SSH Support
2026-09-09 21:30:45 ====
2026-09-09 21:30:45 Performing test ID SSH-7402 (Check for running SSH daemon)
2026-09-09 21:30:45 Test: Searching for a SSH daemon
2026-09-09 21:30:45 Performing pgrep scan without uid
2026-09-09 21:30:45 IsRunning: process 'sshd' not found
2026-09-09 21:30:45 ====
2026-09-09 21:30:45 Skipped test SSH-7404 (Check SSH daemon file location)
2026-09-09 21:30:45 Reason to skip: Prerequisites not met (ie missing tool, other type of Linux distribution)
2026-09-09 21:30:45 ====
2026-09-09 21:30:45 Skipped test SSH-7406 (Determine OpenSSH version)
2026-09-09 21:30:45 Reason to skip: Prerequisites not met (ie missing tool, other type of Linux distribution)
2026-09-09 21:30:45 ====
2026-09-09 21:30:45 Skipped test SSH-7408 (Check SSH specific defined options)
2026-09-09 21:30:45 Reason to skip: Prerequisites not met (ie missing tool, other type of Linux distribution)
2026-09-09 21:30:45 ====
2026-09-09 21:30:45 Skipped test SSH-7440 (Check OpenSSH option: AllowUsers and AllowGroups)
2026-09-09 21:30:45 Reason to skip: Prerequisites not met (ie missing tool, other type of Linux distribution)
2026-09-09 21:30:45 Security check: file is normal
2026-09-09 21:30:45 Checking permissions of /root/lynis/include/tests_snmp
2026-09-09 21:30:45 File permissions are OK
2026-09-09 21:30:45 ====
2026-09-09 21:30:45 Action: Performing tests from category: SNMP Support
2026-09-09 21:30:45 ====
2026-09-09 21:30:45 Performing test ID SNMP-3302 (Check for running SNMP daemon)
2026-09-09 21:30:45 Test: Searching for a SNMP daemon
2026-09-09 21:30:45 Performing pgrep scan without uid
2026-09-09 21:30:45 IsRunning: process 'snmpd' not found
2026-09-09 21:30:45 Result: No running SNMP daemon found
2026-09-09 21:30:45 ====
2026-09-09 21:30:45 Skipped test SNMP-3304 (Check SNMP daemon file location)
2026-09-09 21:30:45 Reason to skip: Prerequisites not met (ie missing tool, other type of Linux distribution)
2026-09-09 21:30:45 ====
2026-09-09 21:30:45 Skipped test SNMP-3306 (Check SNMP communities)
2026-09-09 21:30:45 Reason to skip: Prerequisites not met (ie missing tool, other type of Linux distribution)
2026-09-09 21:30:45 Security check: file is normal
2026-09-09 21:30:45 Checking permissions of /root/lynis/include/tests_databases
2026-09-09 21:30:45 File permissions are OK
2026-09-09 21:30:45 ====
2026-09-09 21:30:45 Action: Performing tests from category: Databases
2026-09-09 21:30:45 ====
2026-09-09 21:30:45 Performing test ID DBS-1804 (Checking active MySQL process)
2026-09-09 21:30:46 Result: MySQL is active
2026-09-09 21:30:46 ====
2026-09-09 21:30:46 Skipped test DBS-1816 (Checking MySQL root password)
2026-09-09 21:30:46 Reason to skip: MySQL not installed, or not running
2026-09-09 21:30:46 Test skipped, MySQL daemon not running or no MySQL client available
2026-09-09 21:30:46 ====
2026-09-09 21:30:46 Performing test ID DBS-1818 (Check status of MongoDB server)
2026-09-09 21:30:46 Performing pgrep scan without uid
2026-09-09 21:30:46 IsRunning: process 'mongod' not found
2026-09-09 21:30:46 ====
2026-09-09 21:30:46 Performing test ID DBS-1820 (Check for authorization in MongoDB)
2026-09-09 21:30:46 ====
2026-09-09 21:30:46 Performing test ID DBS-1826 (Checking active PostgreSQL processes)
2026-09-09 21:30:46 Performing pgrep scan without uid
2026-09-09 21:30:46 IsRunning: process 'postgres' found (1164 1390 1391 1400 1401 1402 )
2026-09-09 21:30:46 Result: PostgreSQL is active
2026-09-09 21:30:46 Performing pgrep scan without uid
2026-09-09 21:30:46 IsRunning: process 'postmaster' not found
2026-09-09 21:30:46 Result: PostgreSQL process postmaster not active
2026-09-09 21:30:46 ====
2026-09-09 21:30:46 Performing test ID DBS-1828 (Test PostgreSQL configuration)
2026-09-09 21:30:46 ====
2026-09-09 21:30:46 Performing test ID DBS-1840 (Checking active Oracle processes)
2026-09-09 21:30:46 Result: Oracle process(es) not active
2026-09-09 21:30:46 ====
2026-09-09 21:30:46 Performing test ID DBS-1860 (Checking active DB2 instances)
2026-09-09 21:30:46 Performing pgrep scan without uid
2026-09-09 21:30:46 IsRunning: process 'db2sysc' not found
2026-09-09 21:30:46 Result: No DB2 instances are running
2026-09-09 21:30:46 ====
2026-09-09 21:30:46 Performing test ID DBS-1880 (Check for active Redis server)
2026-09-09 21:30:46 Performing pgrep scan without uid
2026-09-09 21:30:46 IsRunning: process 'redis-server' not found
2026-09-09 21:30:46 Result: No Redis processes are running
2026-09-09 21:30:46 ====
2026-09-09 21:30:46 Skipped test DBS-1882 (Redis configuration file)
2026-09-09 21:30:46 Reason to skip: Redis not running
2026-09-09 21:30:46 ====
2026-09-09 21:30:46 Skipped test DBS-1884 (Redis: requirepass option configured)
2026-09-09 21:30:46 Reason to skip: Redis not running, or no configuration file found
2026-09-09 21:30:46 ====
2026-09-09 21:30:46 Skipped test DBS-1886 (Redis: rename-command CONFIG used)
2026-09-09 21:30:46 Reason to skip: Redis not running, or no configuration found
2026-09-09 21:30:46 ====
2026-09-09 21:30:46 Skipped test DBS-1888 (Redis: bind on localhost)
2026-09-09 21:30:46 Reason to skip: Redis not running, or no configuration found
2026-09-09 21:30:46 Security check: file is normal
2026-09-09 21:30:46 Checking permissions of /root/lynis/include/tests_ldap
2026-09-09 21:30:46 File permissions are OK
2026-09-09 21:30:46 ====
2026-09-09 21:30:46 Action: Performing tests from category: LDAP Services
2026-09-09 21:30:46 ====
2026-09-09 21:30:46 Performing test ID LDAP-2219 (Check running OpenLDAP instance)
2026-09-09 21:30:46 Performing pgrep scan without uid
2026-09-09 21:30:46 IsRunning: process 'slapd' not found
2026-09-09 21:30:46 Result: No running slapd process found.
2026-09-09 21:30:46 ====
2026-09-09 21:30:46 Skipped test LDAP-2224 (Check presence slapd.conf)
2026-09-09 21:30:46 Reason to skip: Prerequisites not met (ie missing tool, other type of Linux distribution)
2026-09-09 21:30:46 Security check: file is normal
2026-09-09 21:30:46 Checking permissions of /root/lynis/include/tests_php
2026-09-09 21:30:46 File permissions are OK
2026-09-09 21:30:46 ====
2026-09-09 21:30:46 Action: Performing tests from category: PHP
2026-09-09 21:30:46 ====
2026-09-09 21:30:46 Performing test ID PHP-2211 (Check php.ini presence)
2026-09-09 21:30:46 Test: Checking for presence php.ini
2026-09-09 21:30:46 Test: checking presence /rootfsetc/php.ini
2026-09-09 21:30:46 Result: file /rootfsetc/php.ini not found
2026-09-09 21:30:46 Test: checking presence /rootfsetc/php.ini.default
2026-09-09 21:30:46 Result: file /rootfsetc/php.ini.default not found
2026-09-09 21:30:46 Test: checking presence /rootfsetc/php/php.ini
2026-09-09 21:30:46 Result: file /rootfsetc/php/php.ini not found
2026-09-09 21:30:46 Test: checking presence /rootfsetc/php7.0/php.ini
2026-09-09 21:30:46 Result: file /rootfsetc/php7.0/php.ini not found
2026-09-09 21:30:46 Test: checking presence /rootfsetc/php7.1/php.ini
2026-09-09 21:30:46 Result: file /rootfsetc/php7.1/php.ini not found
2026-09-09 21:30:46 Test: checking presence /rootfsetc/php7.2/php.ini
2026-09-09 21:30:46 Result: file /rootfsetc/php7.2/php.ini not found
2026-09-09 21:30:46 Test: checking presence /rootfsetc/php7.3/php.ini
2026-09-09 21:30:46 Result: file /rootfsetc/php7.3/php.ini not found
2026-09-09 21:30:46 Test: checking presence /rootfsetc/php7.4/php.ini
2026-09-09 21:30:46 Result: file /rootfsetc/php7.4/php.ini not found
2026-09-09 21:30:46 Test: checking presence /rootfsetc/php8.0/php.ini
2026-09-09 21:30:46 Result: file /rootfsetc/php8.0/php.ini not found
2026-09-09 21:30:46 Test: checking presence /rootfsetc/php8.1/php.ini
2026-09-09 21:30:46 Result: file /rootfsetc/php8.1/php.ini not found
2026-09-09 21:30:46 Test: checking presence /rootfsetc/php8.2/php.ini
2026-09-09 21:30:46 Result: file /rootfsetc/php8.2/php.ini not found
2026-09-09 21:30:46 Test: checking presence /rootfsetc/php8.3/php.ini
2026-09-09 21:30:46 Result: file /rootfsetc/php8.3/php.ini not found
2026-09-09 21:30:46 Test: checking presence /rootfsetc/php8.4/php.ini
2026-09-09 21:30:46 Result: file /rootfsetc/php8.4/php.ini not found
2026-09-09 21:30:46 Test: checking presence /rootfsetc/php/apache2-php7.0/php.ini
2026-09-09 21:30:46 Result: file /rootfsetc/php/apache2-php7.0/php.ini not found
2026-09-09 21:30:46 Test: checking presence /rootfsetc/php/apache2-php7.1/php.ini
2026-09-09 21:30:46 Result: file /rootfsetc/php/apache2-php7.1/php.ini not found
2026-09-09 21:30:46 Test: checking presence /rootfsetc/php/apache2-php7.2/php.ini
2026-09-09 21:30:46 Result: file /rootfsetc/php/apache2-php7.2/php.ini not found
2026-09-09 21:30:46 Test: checking presence /rootfsetc/php/apache2-php7.3/php.ini
2026-09-09 21:30:46 Result: file /rootfsetc/php/apache2-php7.3/php.ini not found
2026-09-09 21:30:46 Test: checking presence /rootfsetc/php/apache2-php7.4/php.ini
2026-09-09 21:30:46 Result: file /rootfsetc/php/apache2-php7.4/php.ini not found
2026-09-09 21:30:46 Test: checking presence /rootfsetc/php/apache2-php8.0/php.ini
2026-09-09 21:30:46 Result: file /rootfsetc/php/apache2-php8.0/php.ini not found
2026-09-09 21:30:46 Test: checking presence /rootfsetc/php/apache2-php8.1/php.ini
2026-09-09 21:30:46 Result: file /rootfsetc/php/apache2-php8.1/php.ini not found
2026-09-09 21:30:46 Test: checking presence /rootfsetc/php/apache2-php8.2/php.ini
2026-09-09 21:30:46 Result: file /rootfsetc/php/apache2-php8.2/php.ini not found
2026-09-09 21:30:46 Test: checking presence /rootfsetc/php/apache2-php8.3/php.ini
2026-09-09 21:30:46 Result: file /rootfsetc/php/apache2-php8.3/php.ini not found
2026-09-09 21:30:46 Test: checking presence /rootfsetc/php/apache2-php8.4/php.ini
2026-09-09 21:30:47 Result: file /rootfsetc/php/apache2-php8.4/php.ini not found
2026-09-09 21:30:47 Test: checking presence /rootfsetc/php/cgi-php7.0/php.ini
2026-09-09 21:30:47 Result: file /rootfsetc/php/cgi-php7.0/php.ini not found
2026-09-09 21:30:47 Test: checking presence /rootfsetc/php/cgi-php7.1/php.ini
2026-09-09 21:30:47 Result: file /rootfsetc/php/cgi-php7.1/php.ini not found
2026-09-09 21:30:47 Test: checking presence /rootfsetc/php/cgi-php7.2/php.ini
2026-09-09 21:30:47 Result: file /rootfsetc/php/cgi-php7.2/php.ini not found
2026-09-09 21:30:47 Test: checking presence /rootfsetc/php/cgi-php7.3/php.ini
2026-09-09 21:30:47 Result: file /rootfsetc/php/cgi-php7.3/php.ini not found
2026-09-09 21:30:47 Test: checking presence /rootfsetc/php/cgi-php7.4/php.ini
2026-09-09 21:30:47 Result: file /rootfsetc/php/cgi-php7.4/php.ini not found
2026-09-09 21:30:47 Test: checking presence /rootfsetc/php/cli-php5.5/php.ini
2026-09-09 21:30:47 Result: file /rootfsetc/php/cli-php5.5/php.ini not found
2026-09-09 21:30:47 Test: checking presence /rootfsetc/php/cli-php5.6/php.ini
2026-09-09 21:30:47 Result: file /rootfsetc/php/cli-php5.6/php.ini not found
2026-09-09 21:30:47 Test: checking presence /rootfsetc/php/cli-php7.0/php.ini
2026-09-09 21:30:47 Result: file /rootfsetc/php/cli-php7.0/php.ini not found
2026-09-09 21:30:47 Test: checking presence /rootfsetc/php/cli-php7.1/php.ini
2026-09-09 21:30:47 Result: file /rootfsetc/php/cli-php7.1/php.ini not found
2026-09-09 21:30:47 Test: checking presence /rootfsetc/php/cli-php7.2/php.ini
2026-09-09 21:30:47 Result: file /rootfsetc/php/cli-php7.2/php.ini not found
2026-09-09 21:30:47 Test: checking presence /rootfsetc/php/cli-php7.3/php.ini
2026-09-09 21:30:47 Result: file /rootfsetc/php/cli-php7.3/php.ini not found
2026-09-09 21:30:47 Test: checking presence /rootfsetc/php/cli-php7.4/php.ini
2026-09-09 21:30:47 Result: file /rootfsetc/php/cli-php7.4/php.ini not found
2026-09-09 21:30:47 Test: checking presence /rootfsetc/php/cli-php8.0/php.ini
2026-09-09 21:30:47 Result: file /rootfsetc/php/cli-php8.0/php.ini not found
2026-09-09 21:30:47 Test: checking presence /rootfsetc/php/cli-php8.1/php.ini
2026-09-09 21:30:47 Result: file /rootfsetc/php/cli-php8.1/php.ini not found
2026-09-09 21:30:47 Test: checking presence /rootfsetc/php/cli-php8.2/php.ini
2026-09-09 21:30:47 Result: file /rootfsetc/php/cli-php8.2/php.ini not found
2026-09-09 21:30:47 Test: checking presence /rootfsetc/php/cli-php8.3/php.ini
2026-09-09 21:30:47 Result: file /rootfsetc/php/cli-php8.3/php.ini not found
2026-09-09 21:30:47 Test: checking presence /rootfsetc/php/cli-php8.4/php.ini
2026-09-09 21:30:47 Result: file /rootfsetc/php/cli-php8.4/php.ini not found
2026-09-09 21:30:47 Test: checking presence /rootfsetc/php/embed-php7.0/php.ini
2026-09-09 21:30:47 Result: file /rootfsetc/php/embed-php7.0/php.ini not found
2026-09-09 21:30:47 Test: checking presence /rootfsetc/php/embed-php7.1/php.ini
2026-09-09 21:30:47 Result: file /rootfsetc/php/embed-php7.1/php.ini not found
2026-09-09 21:30:47 Test: checking presence /rootfsetc/php/embed-php7.2/php.ini
2026-09-09 21:30:47 Result: file /rootfsetc/php/embed-php7.2/php.ini not found
2026-09-09 21:30:47 Test: checking presence /rootfsetc/php/embed-php7.3/php.ini
2026-09-09 21:30:47 Result: file /rootfsetc/php/embed-php7.3/php.ini not found
2026-09-09 21:30:47 Test: checking presence /rootfsetc/php/embed-php7.4/php.ini
2026-09-09 21:30:47 Result: file /rootfsetc/php/embed-php7.4/php.ini not found
2026-09-09 21:30:47 Test: checking presence /rootfsetc/php/embed-php8.0/php.ini
2026-09-09 21:30:47 Result: file /rootfsetc/php/embed-php8.0/php.ini not found
2026-09-09 21:30:47 Test: checking presence /rootfsetc/php/embed-php8.1/php.ini
2026-09-09 21:30:47 Result: file /rootfsetc/php/embed-php8.1/php.ini not found
2026-09-09 21:30:47 Test: checking presence /rootfsetc/php/embed-php8.2/php.ini
2026-09-09 21:30:47 Result: file /rootfsetc/php/embed-php8.2/php.ini not found
2026-09-09 21:30:47 Test: checking presence /rootfsetc/php/embed-php8.3/php.ini
2026-09-09 21:30:47 Result: file /rootfsetc/php/embed-php8.3/php.ini not found
2026-09-09 21:30:47 Test: checking presence /rootfsetc/php/embed-php8.4/php.ini
2026-09-09 21:30:47 Result: file /rootfsetc/php/embed-php8.4/php.ini not found
2026-09-09 21:30:47 Test: checking presence /rootfsetc/php/fpm-php7.0/php.ini
2026-09-09 21:30:47 Result: file /rootfsetc/php/fpm-php7.0/php.ini not found
2026-09-09 21:30:47 Test: checking presence /rootfsetc/php/fpm-php7.1/php.ini
2026-09-09 21:30:47 Result: file /rootfsetc/php/fpm-php7.1/php.ini not found
2026-09-09 21:30:47 Test: checking presence /rootfsetc/php/fpm-php7.2/php.ini
2026-09-09 21:30:47 Result: file /rootfsetc/php/fpm-php7.2/php.ini not found
2026-09-09 21:30:47 Test: checking presence /rootfsetc/php/fpm-php7.3/php.ini
2026-09-09 21:30:47 Result: file /rootfsetc/php/fpm-php7.3/php.ini not found
2026-09-09 21:30:47 Test: checking presence /rootfsetc/php/fpm-php7.4/php.ini
2026-09-09 21:30:47 Result: file /rootfsetc/php/fpm-php7.4/php.ini not found
2026-09-09 21:30:47 Test: checking presence /rootfsetc/php/fpm-php8.0/php.ini
2026-09-09 21:30:47 Result: file /rootfsetc/php/fpm-php8.0/php.ini not found
2026-09-09 21:30:47 Test: checking presence /rootfsetc/php/fpm-php8.1/php.ini
2026-09-09 21:30:47 Result: file /rootfsetc/php/fpm-php8.1/php.ini not found
2026-09-09 21:30:47 Test: checking presence /rootfsetc/php/fpm-php8.2/php.ini
2026-09-09 21:30:47 Result: file /rootfsetc/php/fpm-php8.2/php.ini not found
2026-09-09 21:30:47 Test: checking presence /rootfsetc/php/7.0/apache2/php.ini
2026-09-09 21:30:47 Result: file /rootfsetc/php/7.0/apache2/php.ini not found
2026-09-09 21:30:47 Test: checking presence /rootfsetc/php/7.1/apache2/php.ini
2026-09-09 21:30:47 Result: file /rootfsetc/php/7.1/apache2/php.ini not found
2026-09-09 21:30:47 Test: checking presence /rootfsetc/php/7.2/apache2/php.ini
2026-09-09 21:30:47 Result: file /rootfsetc/php/7.2/apache2/php.ini not found
2026-09-09 21:30:47 Test: checking presence /rootfsetc/php/7.3/apache2/php.ini
2026-09-09 21:30:47 Result: file /rootfsetc/php/7.3/apache2/php.ini not found
2026-09-09 21:30:47 Test: checking presence /rootfsetc/php/7.4/apache2/php.ini
2026-09-09 21:30:47 Result: file /rootfsetc/php/7.4/apache2/php.ini not found
2026-09-09 21:30:47 Test: checking presence /rootfsetc/php/8.0/apache2/php.ini
2026-09-09 21:30:47 Result: file /rootfsetc/php/8.0/apache2/php.ini not found
2026-09-09 21:30:47 Test: checking presence /rootfsetc/php/8.1/apache2/php.ini
2026-09-09 21:30:47 Result: file /rootfsetc/php/8.1/apache2/php.ini not found
2026-09-09 21:30:47 Test: checking presence /rootfsetc/php/8.2/apache2/php.ini
2026-09-09 21:30:47 Result: file /rootfsetc/php/8.2/apache2/php.ini not found
2026-09-09 21:30:47 Test: checking presence /rootfsetc/php/8.3/apache2/php.ini
2026-09-09 21:30:47 Result: file /rootfsetc/php/8.3/apache2/php.ini not found
2026-09-09 21:30:47 Test: checking presence /rootfsetc/php/8.4/apache2/php.ini
2026-09-09 21:30:47 Result: file /rootfsetc/php/8.4/apache2/php.ini not found
2026-09-09 21:30:47 Test: checking presence /rootfsetc/php/7.0/cli/php.ini
2026-09-09 21:30:47 Result: file /rootfsetc/php/7.0/cli/php.ini not found
2026-09-09 21:30:47 Test: checking presence /rootfsetc/php/7.0/fpm/php.ini
2026-09-09 21:30:47 Result: file /rootfsetc/php/7.0/fpm/php.ini not found
2026-09-09 21:30:47 Test: checking presence /rootfsetc/php/7.1/cli/php.ini
2026-09-09 21:30:47 Result: file /rootfsetc/php/7.1/cli/php.ini not found
2026-09-09 21:30:47 Test: checking presence /rootfsetc/php/7.1/fpm/php.ini
2026-09-09 21:30:47 Result: file /rootfsetc/php/7.1/fpm/php.ini not found
2026-09-09 21:30:47 Test: checking presence /rootfsetc/php/7.2/cli/php.ini
2026-09-09 21:30:47 Result: file /rootfsetc/php/7.2/cli/php.ini not found
2026-09-09 21:30:47 Test: checking presence /rootfsetc/php/7.2/fpm/php.ini
2026-09-09 21:30:47 Result: file /rootfsetc/php/7.2/fpm/php.ini not found
2026-09-09 21:30:47 Test: checking presence /rootfsetc/php/7.3/cli/php.ini
2026-09-09 21:30:47 Result: file /rootfsetc/php/7.3/cli/php.ini not found
2026-09-09 21:30:47 Test: checking presence /rootfsetc/php/7.3/fpm/php.ini
2026-09-09 21:30:47 Result: file /rootfsetc/php/7.3/fpm/php.ini not found
2026-09-09 21:30:47 Test: checking presence /rootfsetc/php/7.4/cli/php.ini
2026-09-09 21:30:47 Result: file /rootfsetc/php/7.4/cli/php.ini not found
2026-09-09 21:30:47 Test: checking presence /rootfsetc/php/7.4/fpm/php.ini
2026-09-09 21:30:47 Result: file /rootfsetc/php/7.4/fpm/php.ini not found
2026-09-09 21:30:47 Test: checking presence /rootfsetc/php/8.0/cli/php.ini
2026-09-09 21:30:47 Result: file /rootfsetc/php/8.0/cli/php.ini not found
2026-09-09 21:30:47 Test: checking presence /rootfsetc/php/8.0/fpm/php.ini
2026-09-09 21:30:47 Result: file /rootfsetc/php/8.0/fpm/php.ini not found
2026-09-09 21:30:47 Test: checking presence /rootfsetc/php/8.1/cli/php.ini
2026-09-09 21:30:47 Result: file /rootfsetc/php/8.1/cli/php.ini not found
2026-09-09 21:30:47 Test: checking presence /rootfsetc/php/8.1/fpm/php.ini
2026-09-09 21:30:47 Result: file /rootfsetc/php/8.1/fpm/php.ini not found
2026-09-09 21:30:47 Test: checking presence /rootfsetc/php/8.2/cli/php.ini
2026-09-09 21:30:47 Result: file /rootfsetc/php/8.2/cli/php.ini not found
2026-09-09 21:30:47 Test: checking presence /rootfsetc/php/8.2/fpm/php.ini
2026-09-09 21:30:47 Result: file /rootfsetc/php/8.2/fpm/php.ini not found
2026-09-09 21:30:47 Test: checking presence /rootfsetc/php/8.3/cli/php.ini
2026-09-09 21:30:47 Result: file /rootfsetc/php/8.3/cli/php.ini not found
2026-09-09 21:30:47 Test: checking presence /rootfsetc/php/8.3/fpm/php.ini
2026-09-09 21:30:47 Result: file /rootfsetc/php/8.3/fpm/php.ini not found
2026-09-09 21:30:47 Test: checking presence /rootfsetc/php/8.4/cli/php.ini
2026-09-09 21:30:47 Result: file /rootfsetc/php/8.4/cli/php.ini not found
2026-09-09 21:30:47 Test: checking presence /rootfsetc/php/8.4/fpm/php.ini
2026-09-09 21:30:47 Result: file /rootfsetc/php/8.4/fpm/php.ini not found
2026-09-09 21:30:47 Test: checking presence /rootfsopt/alt/php70/etc/php.ini
2026-09-09 21:30:47 Result: file /rootfsopt/alt/php70/etc/php.ini not found
2026-09-09 21:30:47 Test: checking presence /rootfsopt/alt/php71/etc/php.ini
2026-09-09 21:30:47 Result: file /rootfsopt/alt/php71/etc/php.ini not found
2026-09-09 21:30:47 Test: checking presence /rootfsopt/alt/php72/etc/php.ini
2026-09-09 21:30:47 Result: file /rootfsopt/alt/php72/etc/php.ini not found
2026-09-09 21:30:47 Test: checking presence /rootfsopt/alt/php73/etc/php.ini
2026-09-09 21:30:47 Result: file /rootfsopt/alt/php73/etc/php.ini not found
2026-09-09 21:30:47 Test: checking presence /rootfsopt/alt/php74/etc/php.ini
2026-09-09 21:30:47 Result: file /rootfsopt/alt/php74/etc/php.ini not found
2026-09-09 21:30:47 Test: checking presence /rootfsopt/alt/php80/etc/php.ini
2026-09-09 21:30:47 Result: file /rootfsopt/alt/php80/etc/php.ini not found
2026-09-09 21:30:47 Test: checking presence /rootfsopt/alt/php81/etc/php.ini
2026-09-09 21:30:47 Result: file /rootfsopt/alt/php81/etc/php.ini not found
2026-09-09 21:30:47 Test: checking presence /rootfsopt/alt/php82/etc/php.ini
2026-09-09 21:30:47 Result: file /rootfsopt/alt/php82/etc/php.ini not found
2026-09-09 21:30:47 Test: checking presence /rootfsopt/alt/php83/etc/php.ini
2026-09-09 21:30:47 Result: file /rootfsopt/alt/php83/etc/php.ini not found
2026-09-09 21:30:47 Test: checking presence /rootfsopt/alt/php84/etc/php.ini
2026-09-09 21:30:47 Result: file /rootfsopt/alt/php84/etc/php.ini not found
2026-09-09 21:30:47 Test: checking presence /rootfsopt/cpanel/ea-php70/root/etc/php.ini
2026-09-09 21:30:47 Result: file /rootfsopt/cpanel/ea-php70/root/etc/php.ini not found
2026-09-09 21:30:47 Test: checking presence /rootfsopt/cpanel/ea-php71/root/etc/php.ini
2026-09-09 21:30:47 Result: file /rootfsopt/cpanel/ea-php71/root/etc/php.ini not found
2026-09-09 21:30:47 Test: checking presence /rootfsopt/cpanel/ea-php72/root/etc/php.ini
2026-09-09 21:30:47 Result: file /rootfsopt/cpanel/ea-php72/root/etc/php.ini not found
2026-09-09 21:30:47 Test: checking presence /rootfsopt/cpanel/ea-php73/root/etc/php.ini
2026-09-09 21:30:47 Result: file /rootfsopt/cpanel/ea-php73/root/etc/php.ini not found
2026-09-09 21:30:47 Test: checking presence /rootfsopt/cpanel/ea-php74/root/etc/php.ini
2026-09-09 21:30:47 Result: file /rootfsopt/cpanel/ea-php74/root/etc/php.ini not found
2026-09-09 21:30:47 Test: checking presence /rootfsopt/cpanel/ea-php80/root/etc/php.ini
2026-09-09 21:30:47 Result: file /rootfsopt/cpanel/ea-php80/root/etc/php.ini not found
2026-09-09 21:30:47 Test: checking presence /rootfsopt/cpanel/ea-php81/root/etc/php.ini
2026-09-09 21:30:47 Result: file /rootfsopt/cpanel/ea-php81/root/etc/php.ini not found
2026-09-09 21:30:47 Test: checking presence /rootfsopt/cpanel/ea-php82/root/etc/php.ini
2026-09-09 21:30:47 Result: file /rootfsopt/cpanel/ea-php82/root/etc/php.ini not found
2026-09-09 21:30:48 Test: checking presence /rootfsopt/cpanel/ea-php83/root/etc/php.ini
2026-09-09 21:30:48 Result: file /rootfsopt/cpanel/ea-php83/root/etc/php.ini not found
2026-09-09 21:30:48 Test: checking presence /rootfsopt/cpanel/ea-php84/root/etc/php.ini
2026-09-09 21:30:48 Result: file /rootfsopt/cpanel/ea-php84/root/etc/php.ini not found
2026-09-09 21:30:48 Test: checking presence /rootfsprivate/etc/php.ini
2026-09-09 21:30:48 Result: file /rootfsprivate/etc/php.ini not found
2026-09-09 21:30:48 Test: checking presence /rootfsvar/www/conf/php.ini
2026-09-09 21:30:48 Result: file /rootfsvar/www/conf/php.ini not found
2026-09-09 21:30:48 Test: checking presence /rootfsusr/local/etc/php.ini
2026-09-09 21:30:48 Result: file /rootfsusr/local/etc/php.ini not found
2026-09-09 21:30:48 Test: checking presence /rootfsusr/local/lib/php.ini
2026-09-09 21:30:48 Result: file /rootfsusr/local/lib/php.ini not found
2026-09-09 21:30:48 Test: checking presence /rootfsusr/local/php70/lib/php.ini
2026-09-09 21:30:48 Result: file /rootfsusr/local/php70/lib/php.ini not found
2026-09-09 21:30:48 Test: checking presence /rootfsusr/local/php71/lib/php.ini
2026-09-09 21:30:48 Result: file /rootfsusr/local/php71/lib/php.ini not found
2026-09-09 21:30:48 Test: checking presence /rootfsusr/local/php72/lib/php.ini
2026-09-09 21:30:48 Result: file /rootfsusr/local/php72/lib/php.ini not found
2026-09-09 21:30:48 Test: checking presence /rootfsusr/local/php73/lib/php.ini
2026-09-09 21:30:48 Result: file /rootfsusr/local/php73/lib/php.ini not found
2026-09-09 21:30:48 Test: checking presence /rootfsusr/local/php74/lib/php.ini
2026-09-09 21:30:48 Result: file /rootfsusr/local/php74/lib/php.ini not found
2026-09-09 21:30:48 Test: checking presence /rootfsusr/local/php80/lib/php.ini
2026-09-09 21:30:48 Result: file /rootfsusr/local/php80/lib/php.ini not found
2026-09-09 21:30:48 Test: checking presence /rootfsusr/local/php81/lib/php.ini
2026-09-09 21:30:48 Result: file /rootfsusr/local/php81/lib/php.ini not found
2026-09-09 21:30:48 Test: checking presence /rootfsusr/local/php82/lib/php.ini
2026-09-09 21:30:48 Result: file /rootfsusr/local/php82/lib/php.ini not found
2026-09-09 21:30:48 Test: checking presence /rootfsusr/local/php83/lib/php.ini
2026-09-09 21:30:48 Result: file /rootfsusr/local/php83/lib/php.ini not found
2026-09-09 21:30:48 Test: checking presence /rootfsusr/local/php84/lib/php.ini
2026-09-09 21:30:48 Result: file /rootfsusr/local/php84/lib/php.ini not found
2026-09-09 21:30:48 Test: checking presence /rootfsusr/local/zend/etc/php.ini
2026-09-09 21:30:48 Result: file /rootfsusr/local/zend/etc/php.ini not found
2026-09-09 21:30:48 Test: checking presence /rootfsusr/pkg/etc/php.ini
2026-09-09 21:30:48 Result: file /rootfsusr/pkg/etc/php.ini not found
2026-09-09 21:30:48 Test: checking presence /rootfsetc/opt/remi/php56/php.ini
2026-09-09 21:30:48 Result: file /rootfsetc/opt/remi/php56/php.ini not found
2026-09-09 21:30:48 Test: checking presence /rootfsetc/opt/remi/php70/php.ini
2026-09-09 21:30:48 Result: file /rootfsetc/opt/remi/php70/php.ini not found
2026-09-09 21:30:48 Test: checking presence /rootfsetc/opt/remi/php71/php.ini
2026-09-09 21:30:48 Result: file /rootfsetc/opt/remi/php71/php.ini not found
2026-09-09 21:30:48 Test: checking presence /rootfsetc/opt/remi/php72/php.ini
2026-09-09 21:30:48 Result: file /rootfsetc/opt/remi/php72/php.ini not found
2026-09-09 21:30:48 Test: checking presence /rootfsetc/opt/remi/php73/php.ini
2026-09-09 21:30:48 Result: file /rootfsetc/opt/remi/php73/php.ini not found
2026-09-09 21:30:48 Test: checking presence /rootfsetc/opt/remi/php74/php.ini
2026-09-09 21:30:48 Result: file /rootfsetc/opt/remi/php74/php.ini not found
2026-09-09 21:30:48 Test: checking presence /rootfsetc/opt/remi/php80/php.ini
2026-09-09 21:30:48 Result: file /rootfsetc/opt/remi/php80/php.ini not found
2026-09-09 21:30:48 Test: checking presence /rootfsetc/opt/remi/php81/php.ini
2026-09-09 21:30:48 Result: file /rootfsetc/opt/remi/php81/php.ini not found
2026-09-09 21:30:48 Test: checking presence /rootfsetc/opt/remi/php82/php.ini
2026-09-09 21:30:48 Result: file /rootfsetc/opt/remi/php82/php.ini not found
2026-09-09 21:30:48 Test: checking presence /rootfsetc/opt/remi/php83/php.ini
2026-09-09 21:30:48 Result: file /rootfsetc/opt/remi/php83/php.ini not found
2026-09-09 21:30:48 Test: checking presence /rootfsetc/opt/remi/php84/php.ini
2026-09-09 21:30:48 Result: file /rootfsetc/opt/remi/php84/php.ini not found
2026-09-09 21:30:48 Result: no files found for /rootfsetc/php/7.0/cli/conf.d
2026-09-09 21:30:48 Result: no files found for /rootfsetc/php/7.1/cli/conf.d
2026-09-09 21:30:48 Result: no files found for /rootfsetc/php/7.2/cli/conf.d
2026-09-09 21:30:48 Result: no files found for /rootfsetc/php/7.3/cli/conf.d
2026-09-09 21:30:48 Result: no files found for /rootfsetc/php/7.4/cli/conf.d
2026-09-09 21:30:48 Result: no files found for /rootfsetc/php/7.0/fpm/conf.d
2026-09-09 21:30:48 Result: no files found for /rootfsetc/php/7.1/fpm/conf.d
2026-09-09 21:30:48 Result: no files found for /rootfsetc/php/7.2/fpm/conf.d
2026-09-09 21:30:48 Result: no files found for /rootfsetc/php/7.3/fpm/conf.d
2026-09-09 21:30:48 Result: no files found for /rootfsetc/php/7.4/fpm/conf.d
2026-09-09 21:30:48 Result: no files found for /rootfsetc/php/8.0/fpm/conf.d
2026-09-09 21:30:48 Result: no files found for /rootfsetc/php/8.1/fpm/conf.d
2026-09-09 21:30:48 Result: no files found for /rootfsetc/php/8.2/fpm/conf.d
2026-09-09 21:30:48 Result: no files found for /rootfsetc/php/8.3/fpm/conf.d
2026-09-09 21:30:48 Result: no files found for /rootfsetc/php/8.4/fpm/conf.d
2026-09-09 21:30:48 Result: no files found for /rootfsetc/php.d
2026-09-09 21:30:48 Result: no files found for /rootfsopt/cpanel/ea-php70/root/etc/php.d
2026-09-09 21:30:48 Result: no files found for /rootfsopt/cpanel/ea-php71/root/etc/php.d
2026-09-09 21:30:48 Result: no files found for /rootfsopt/cpanel/ea-php72/root/etc/php.d
2026-09-09 21:30:48 Result: no files found for /rootfsopt/cpanel/ea-php73/root/etc/php.d
2026-09-09 21:30:48 Result: no files found for /rootfsopt/cpanel/ea-php74/root/etc/php.d
2026-09-09 21:30:48 Result: no files found for /rootfsopt/cpanel/ea-php80/root/etc/php.d
2026-09-09 21:30:48 Result: no files found for /rootfsopt/cpanel/ea-php81/root/etc/php.d
2026-09-09 21:30:48 Result: no files found for /rootfsopt/cpanel/ea-php82/root/etc/php.d
2026-09-09 21:30:48 Result: no files found for /rootfsopt/cpanel/ea-php83/root/etc/php.d
2026-09-09 21:30:48 Result: no files found for /rootfsopt/cpanel/ea-php84/root/etc/php.d
2026-09-09 21:30:48 Result: no files found for /rootfsopt/alt/php70/etc/php.d.all
2026-09-09 21:30:48 Result: no files found for /rootfsopt/alt/php71/etc/php.d.all
2026-09-09 21:30:48 Result: no files found for /rootfsopt/alt/php72/etc/php.d.all
2026-09-09 21:30:48 Result: no files found for /rootfsopt/alt/php73/etc/php.d.all
2026-09-09 21:30:48 Result: no files found for /rootfsopt/alt/php74/etc/php.d.all
2026-09-09 21:30:48 Result: no files found for /rootfsopt/alt/php80/etc/php.d.all
2026-09-09 21:30:48 Result: no files found for /rootfsopt/alt/php81/etc/php.d.all
2026-09-09 21:30:48 Result: no files found for /rootfsopt/alt/php82/etc/php.d.all
2026-09-09 21:30:48 Result: no files found for /rootfsopt/alt/php83/etc/php.d.all
2026-09-09 21:30:48 Result: no files found for /rootfsopt/alt/php84/etc/php.d.all
2026-09-09 21:30:48 Result: no files found for /rootfsusr/local/lib/php.conf.d
2026-09-09 21:30:48 Result: no files found for /rootfsusr/local/php70/lib/php.conf.d
2026-09-09 21:30:48 Result: no files found for /rootfsusr/local/php71/lib/php.conf.d
2026-09-09 21:30:48 Result: no files found for /rootfsusr/local/php72/lib/php.conf.d
2026-09-09 21:30:48 Result: no files found for /rootfsusr/local/php73/lib/php.conf.d
2026-09-09 21:30:48 Result: no files found for /rootfsusr/local/php74/lib/php.conf.d
2026-09-09 21:30:48 Result: no files found for /rootfsusr/local/php80/lib/php.conf.d
2026-09-09 21:30:48 Result: no files found for /rootfsusr/local/php81/lib/php.conf.d
2026-09-09 21:30:48 Result: no files found for /rootfsusr/local/php82/lib/php.conf.d
2026-09-09 21:30:48 Result: no files found for /rootfsusr/local/php83/lib/php.conf.d
2026-09-09 21:30:48 Result: no files found for /rootfsusr/local/php84/lib/php.conf.d
2026-09-09 21:30:48 Result: no files found for /rootfsetc/php-7.0
2026-09-09 21:30:48 Result: no files found for /rootfsetc/php-7.1
2026-09-09 21:30:48 Result: no files found for /rootfsetc/php-7.2
2026-09-09 21:30:48 Result: no files found for /rootfsetc/php-7.3
2026-09-09 21:30:48 Result: no files found for /rootfsetc/php-7.4
2026-09-09 21:30:48 Result: no files found for /rootfsetc/php-8.0
2026-09-09 21:30:36 Result: no files found for /rootfsetc/php-8.1
2026-09-09 21:30:36 Result: no files found for /rootfsetc/php-8.2
2026-09-09 21:30:36 Result: no files found for /rootfsetc/php-8.3
2026-09-09 21:30:36 Result: no files found for /rootfsetc/php-8.4
2026-09-09 21:30:36 Result: no php.ini file found
2026-09-09 21:30:36 ====
2026-09-09 21:30:36 Skipped test PHP-2320 (Check PHP disabled functions)
2026-09-09 21:30:36 Reason to skip: Prerequisites not met (ie missing tool, other type of Linux distribution)
2026-09-09 21:30:36 ====
2026-09-09 21:30:36 Skipped test PHP-2368 (Check PHP register_globals option)
2026-09-09 21:30:36 Reason to skip: Prerequisites not met (ie missing tool, other type of Linux distribution)
2026-09-09 21:30:36 ====
2026-09-09 21:30:36 Skipped test PHP-2372 (Check PHP expose_php option)
2026-09-09 21:30:36 Reason to skip: Prerequisites not met (ie missing tool, other type of Linux distribution)
2026-09-09 21:30:36 ====
2026-09-09 21:30:36 Skipped test PHP-2374 (Check PHP enable_dl option)
2026-09-09 21:30:36 Reason to skip: Prerequisites not met (ie missing tool, other type of Linux distribution)
2026-09-09 21:30:49 ====
2026-09-09 21:30:49 Skipped test PHP-2376 (Check PHP allow_url_fopen option)
2026-09-09 21:30:49 Reason to skip: Prerequisites not met (ie missing tool, other type of Linux distribution)
2026-09-09 21:30:49 ====
2026-09-09 21:30:49 Skipped test PHP-2378 (Check PHP allow_url_include option)
2026-09-09 21:30:49 Reason to skip: Prerequisites not met (ie missing tool, other type of Linux distribution)
2026-09-09 21:30:49 ====
2026-09-09 21:30:49 Skipped test PHP-2382 (Check PHP expose_php option)
2026-09-09 21:30:49 Reason to skip: Prerequisites not met (ie missing tool, other type of Linux distribution)
2026-09-09 21:30:49 Security check: file is normal
2026-09-09 21:30:49 Checking permissions of /root/lynis/include/tests_squid
2026-09-09 21:30:49 File permissions are OK
2026-09-09 21:30:49 ====
2026-09-09 21:30:49 Action: Performing tests from category: Squid Support
2026-09-09 21:30:49 ====
2026-09-09 21:30:49 Performing test ID SQD-3602 (Check for running Squid daemon)
2026-09-09 21:30:49 Test: Searching for a Squid daemon
2026-09-09 21:30:49 Result: No running Squid daemon found
2026-09-09 21:30:49 ====
2026-09-09 21:30:49 Skipped test SQD-3604 (Check Squid daemon file location)
2026-09-09 21:30:49 Reason to skip: Prerequisites not met (ie missing tool, other type of Linux distribution)
2026-09-09 21:30:49 ====
2026-09-09 21:30:50 Skipped test SQD-3606 (Check Squid version)
2026-09-09 21:30:50 Reason to skip: Prerequisites not met (ie missing tool, other type of Linux distribution)
2026-09-09 21:30:50 ====
2026-09-09 21:30:50 Skipped test SQD-3610 (Gather Squid settings)
2026-09-09 21:30:50 Reason to skip: Prerequisites not met (ie missing tool, other type of Linux distribution)
2026-09-09 21:30:50 ====
2026-09-09 21:30:50 Skipped test SQD-3613 (Check Squid file permissions)
2026-09-09 21:30:50 Reason to skip: Prerequisites not met (ie missing tool, other type of Linux distribution)
2026-09-09 21:30:50 ====
2026-09-09 21:30:50 Skipped test SQD-3614 (Check Squid authentication methods)
2026-09-09 21:30:50 Reason to skip: Prerequisites not met (ie missing tool, other type of Linux distribution)
2026-09-09 21:30:50 ====
2026-09-09 21:30:50 Skipped test SQD-3616 (Check external Squid authentication)
2026-09-09 21:30:50 Reason to skip: Prerequisites not met (ie missing tool, other type of Linux distribution)
2026-09-09 21:30:50 ====
2026-09-09 21:30:50 Skipped test SQD-3620 (Check Squid access control lists)
2026-09-09 21:30:50 Reason to skip: Prerequisites not met (ie missing tool, other type of Linux distribution)
2026-09-09 21:30:50 ====
2026-09-09 21:30:50 Skipped test SQD-3624 (Check Squid safe ports)
2026-09-09 21:30:50 Reason to skip: Prerequisites not met (ie missing tool, other type of Linux distribution)
2026-09-09 21:30:50 ====
2026-09-09 21:30:50 Skipped test SQD-3630 (Check Squid reply_body_max_size option)
2026-09-09 21:30:50 Reason to skip: Prerequisites not met (ie missing tool, other type of Linux distribution)
2026-09-09 21:30:50 ====
2026-09-09 21:30:50 Skipped test SQD-3680 (Check Squid version suppression)
2026-09-09 21:30:50 Reason to skip: Prerequisites not met (ie missing tool, other type of Linux distribution)
2026-09-09 21:30:50 Security check: file is normal
2026-09-09 21:30:50 Checking permissions of /root/lynis/include/tests_logging
2026-09-09 21:30:50 File permissions are OK
2026-09-09 21:30:50 ====
2026-09-09 21:30:50 Action: Performing tests from category: Logging and files
2026-09-09 21:30:50 ====
2026-09-09 21:30:50 Performing test ID LOGG-2130 (Check for running syslog daemon)
2026-09-09 21:30:50 Test: Searching for a logging daemon
2026-09-09 21:30:50 Result: Found a logging daemon
2026-09-09 21:30:50 Hardening: assigned maximum number of hardening points for this item (3). Currently having 54 points (out of 90)
2026-09-09 21:30:50 ====
2026-09-09 21:30:50 Performing test ID LOGG-2132 (Check for running syslog-ng daemon)
2026-09-09 21:30:50 Test: Searching for syslog-ng daemon in process list
2026-09-09 21:30:50 Performing pgrep scan without uid
2026-09-09 21:30:50 IsRunning: process 'syslog-ng' not found
2026-09-09 21:30:50 Result: Syslog-ng NOT found in process list
2026-09-09 21:30:50 ====
2026-09-09 21:30:50 Skipped test LOGG-2134 (Checking Syslog-NG configuration file consistency)
2026-09-09 21:30:50 Reason to skip: Prerequisites not met (ie missing tool, other type of Linux distribution)
2026-09-09 21:30:50 ====
2026-09-09 21:30:50 Performing test ID LOGG-2136 (Check for running systemd journal daemon)
2026-09-09 21:30:50 Test: Searching for systemd journal daemon in process list
2026-09-09 21:30:50 Performing pgrep scan without uid
2026-09-09 21:30:50 IsRunning: process 'systemd-journal' not found
2026-09-09 21:30:50 ====
2026-09-09 21:30:50 Performing test ID LOGG-2210 (Check for running metalog daemon)
2026-09-09 21:30:50 Test: Searching for metalog daemon in process list
2026-09-09 21:30:50 Performing pgrep scan without uid
2026-09-09 21:30:50 IsRunning: process 'metalog' not found
2026-09-09 21:30:50 Result: metalog NOT found in process list
2026-09-09 21:30:50 ====
2026-09-09 21:30:50 Performing test ID LOGG-2230 (Check for running RSyslog daemon)
2026-09-09 21:30:50 Test: Searching for RSyslog daemon in process list
2026-09-09 21:30:50 Performing pgrep scan without uid
2026-09-09 21:30:50 IsRunning: process 'rsyslogd' found (1718 )
2026-09-09 21:30:50 Result: Found rsyslogd in process list
2026-09-09 21:30:50 ====
2026-09-09 21:30:50 Performing test ID LOGG-2240 (Check for running RFC 3195 compliant daemon)
2026-09-09 21:30:50 Test: Searching for RFC 3195 daemon (alias syslog reliable) in process list
2026-09-09 21:30:50 Performing pgrep scan without uid
2026-09-09 21:30:50 IsRunning: process 'rfc3195d' not found
2026-09-09 21:30:50 Result: rfc3195d NOT found in process list
2026-09-09 21:30:50 ====
2026-09-09 21:30:50 Performing test ID LOGG-2138 (Checking kernel logger daemon on Linux)
2026-09-09 21:30:50 Test: Searching kernel logger daemon (klogd)
2026-09-09 21:30:50 Result: test skipped, because other facility is being used to log kernel messages
2026-09-09 21:30:50 ====
2026-09-09 21:30:50 Performing test ID LOGG-2142 (Checking minilog daemon)
2026-09-09 21:30:50 Result: Checking for unkilled minilogd instances
2026-09-09 21:30:50 Performing pgrep scan without uid
2026-09-09 21:30:50 IsRunning: process 'minilogd' not found
2026-09-09 21:30:50 Result: No minilogd is running
2026-09-09 21:30:50 ====
2026-09-09 21:30:50 Performing test ID LOGG-2144 (Checking wazuh-agent)
2026-09-09 21:30:50 Result: Searching for wazuh-agent instances in the process list
2026-09-09 21:30:50 Performing pgrep scan without uid
2026-09-09 21:30:50 IsRunning: process 'wazuh-agentd' not found
2026-09-09 21:30:50 Result: wazuh-agent NOT found in process list
2026-09-09 21:30:50 ====
2026-09-09 21:30:51 Performing test ID LOGG-2146 (Checking logrotate.conf and logrotate.d)
2026-09-09 21:30:51 Test: Checking for /rootfsetc/logrotate.conf
2026-09-09 21:30:51 Result: /rootfsetc/logrotate.conf NOT found
2026-09-09 21:30:51 Test: Checking for /rootfsetc/logrotate.d (directory)
2026-09-09 21:30:51 Result: /rootfsetc/logrotate.conf found
2026-09-09 21:30:51 Result: No logrotate configuration found
2026-09-09 21:30:51 Suggestion: Check if log files are properly rotated [test:LOGG-2146] [details:-] [solution:-]
2026-09-09 21:30:51 ====
2026-09-09 21:30:51 Skipped test LOGG-2148 (Checking logrotated files)
2026-09-09 21:30:51 Reason to skip: Prerequisites not met (ie missing tool, other type of Linux distribution)
2026-09-09 21:30:51 ====
2026-09-09 21:30:51 Skipped test LOGG-2150 (Checking directories in logrotate configuration)
2026-09-09 21:30:51 Reason to skip: Prerequisites not met (ie missing tool, other type of Linux distribution)
2026-09-09 21:30:51 ====
2026-09-09 21:30:51 Skipped test LOGG-2152 (Checking loghost)
2026-09-09 21:30:51 Reason to skip: Incorrect guest OS (Solaris only)
2026-09-09 21:30:51 ====
2026-09-09 21:30:51 Skipped test LOGG-2153 (Checking loghost is localhost)
2026-09-09 21:30:51 Reason to skip: Prerequisites not met (ie missing tool, other type of Linux distribution)
2026-09-09 21:30:51 ====
2026-09-09 21:30:51 Performing test ID LOGG-2154 (Checking syslog configuration file)
2026-09-09 21:30:51 Result: no remote logging found
2026-09-09 21:30:51 Suggestion: Enable logging to an external logging host for archiving purposes and additional protection [test:LOGG-2154] [details:-] [solution:-]
2026-09-09 21:30:51 Hardening: assigned partial number of hardening points (1 of 3). Currently having 55 points (out of 93)
2026-09-09 21:30:51 ====
2026-09-09 21:30:51 Skipped test LOGG-2160 (Checking /etc/newsyslog.conf)
2026-09-09 21:30:51 Reason to skip: Prerequisites not met (ie missing tool, other type of Linux distribution)
2026-09-09 21:30:51 ====
2026-09-09 21:30:51 Skipped test LOGG-2162 (Checking directories in /etc/newsyslog.conf)
2026-09-09 21:30:51 Reason to skip: Prerequisites not met (ie missing tool, other type of Linux distribution)
2026-09-09 21:30:51 ====
2026-09-09 21:30:51 Skipped test LOGG-2164 (Checking files specified /etc/newsyslog.conf)
2026-09-09 21:30:51 Reason to skip: Prerequisites not met (ie missing tool, other type of Linux distribution)
2026-09-09 21:30:51 ====
2026-09-09 21:30:51 Performing test ID LOGG-2170 (Checking log paths)
2026-09-09 21:30:51 Test: Searching log paths
2026-09-09 21:30:51 Result: directory /rootfsvar/log can't be found
2026-09-09 21:30:51 Result: directory /rootfsvar/adm can't be found
2026-09-09 21:30:51 ====
2026-09-09 21:30:51 Performing test ID LOGG-2180 (Checking open log files)
2026-09-09 21:30:51 Test: checking open log files with lsof
2026-09-09 21:30:51 Result: lsof not installed, skipping test
2026-09-09 21:30:51 ====
2026-09-09 21:30:51 Skipped test LOGG-2190 (Checking for deleted files in use)
2026-09-09 21:30:51 Reason to skip: Prerequisites not met (ie missing tool, other type of Linux distribution)
2026-09-09 21:30:51 ====
2026-09-09 21:30:51 Skipped test LOGG-2192 (Checking for open log files that are empty)
2026-09-09 21:30:51 Reason to skip: Prerequisites not met (ie missing tool, other type of Linux distribution)
2026-09-09 21:30:51 Security check: file is normal
2026-09-09 21:30:51 Checking permissions of /root/lynis/include/tests_insecure_services
2026-09-09 21:30:51 File permissions are OK
2026-09-09 21:30:51 ====
2026-09-09 21:30:51 Action: Performing tests from category: Insecure services
2026-09-09 21:30:51 ====
2026-09-09 21:30:51 Performing test ID INSE-8000 (Installed inetd package)
2026-09-09 21:30:51 Test: Checking if inetd is installed
2026-09-09 21:30:51 Result: inetd is NOT installed
2026-09-09 21:30:51 ====
2026-09-09 21:30:51 Skipped test INSE-8002 (Check for enabled inet daemon)
2026-09-09 21:30:51 Reason to skip: Prerequisites not met (ie missing tool, other type of Linux distribution)
2026-09-09 21:30:51 ====
2026-09-09 21:30:51 Skipped test INSE-8004 (Presence of inetd configuration file)
2026-09-09 21:30:51 Reason to skip: Prerequisites not met (ie missing tool, other type of Linux distribution)
2026-09-09 21:30:51 ====
2026-09-09 21:30:51 Skipped test INSE-8006 (Check configuration of inetd when disabled)
2026-09-09 21:30:51 Reason to skip: Prerequisites not met (ie missing tool, other type of Linux distribution)
2026-09-09 21:30:51 ====
2026-09-09 21:30:51 Skipped test INSE-8016 (Check for telnet via inetd)
2026-09-09 21:30:51 Reason to skip: Prerequisites not met (ie missing tool, other type of Linux distribution)
2026-09-09 21:30:51 ====
2026-09-09 21:30:51 Performing test ID INSE-8100 (Check for installed xinetd daemon)
2026-09-09 21:30:51 Test: Checking for installed xinetd daemon
2026-09-09 21:30:51 Result: xinetd is NOT installed
2026-09-09 21:30:51 ====
2026-09-09 21:30:51 Performing test ID INSE-8102 (Check for active xinet daemon)
2026-09-09 21:30:51 Test: Searching for active extended internet services daemon (xinetd)
2026-09-09 21:30:51 Performing pgrep scan without uid
2026-09-09 21:30:51 IsRunning: process 'xinetd' not found
2026-09-09 21:30:51 Result: xinetd is NOT running
2026-09-09 21:30:51 ====
2026-09-09 21:30:51 Skipped test INSE-8104 (Check for enabled xinet daemon)
2026-09-09 21:30:51 Reason to skip: Prerequisites not met (ie missing tool, other type of Linux distribution)
2026-09-09 21:30:51 ====
2026-09-09 21:30:51 Skipped test INSE-8106 (Check configuration of xinetd when disabled)
2026-09-09 21:30:51 Reason to skip: Prerequisites not met (ie missing tool, other type of Linux distribution)
2026-09-09 21:30:52 ====
2026-09-09 21:30:52 Skipped test INSE-8116 (Insecure services enabled via xinetd)
2026-09-09 21:30:52 Reason to skip: Prerequisites not met (ie missing tool, other type of Linux distribution)
2026-09-09 21:30:52 ====
2026-09-09 21:30:52 Skipped test INSE-8200 (Check if tcp_wrappers is installed when inetd/xinetd is active)
2026-09-09 21:30:52 Reason to skip: Prerequisites not met (ie missing tool, other type of Linux distribution)
2026-09-09 21:30:52 ====
2026-09-09 21:30:52 Performing test ID INSE-8300 (Check if rsh client is installed)
2026-09-09 21:30:52 Test: Checking if rsh client is installed
2026-09-09 21:30:52 Result: rsh client is NOT installed
2026-09-09 21:30:52 ====
2026-09-09 21:30:52 Performing test ID INSE-8304 (Check if rsh server is installed)
2026-09-09 21:30:52 Test: Checking if rsh server is installed
2026-09-09 21:30:52 Result: rsh server is NOT installed
2026-09-09 21:30:52 ====
2026-09-09 21:30:52 Performing test ID INSE-8310 (Check if telnet client is installed)
2026-09-09 21:30:52 Test: Checking if telnet client is installed
2026-09-09 21:30:52 Result: telnet client is NOT installed
2026-09-09 21:30:52 ====
2026-09-09 21:30:52 Performing test ID INSE-8322 (Check if telnet server is installed)
2026-09-09 21:30:52 Test: Checking if telnet server is installed
2026-09-09 21:30:52 Result: telnet server is NOT installed
2026-09-09 21:30:52 ====
2026-09-09 21:30:52 Performing test ID INSE-8314 (Check if NIS client is installed)
2026-09-09 21:30:52 Test: Checking if NIS client is installed
2026-09-09 21:30:52 Result: NIS client is NOT installed
2026-09-09 21:30:52 ====
2026-09-09 21:30:52 Performing test ID INSE-8316 (Check if NIS server is installed)
2026-09-09 21:30:52 Test: Checking if NIS server is installed
2026-09-09 21:30:52 Result: NIS server is NOT installed
2026-09-09 21:30:52 ====
2026-09-09 21:30:52 Performing test ID INSE-8318 (Check if TFTP client is installed)
2026-09-09 21:30:52 Test: Checking if TFTP client is installed
2026-09-09 21:30:52 Result: TFTP client is NOT installed
2026-09-09 21:30:52 ====
2026-09-09 21:30:52 Performing test ID INSE-8320 (Check if TFTP server is installed)
2026-09-09 21:30:52 Test: Checking if TFTP server is installed
2026-09-09 21:30:52 Result: TFTP server is NOT installed
2026-09-09 21:30:52 ====
2026-09-09 21:30:52 Skipped test INSE-8050 (Check for insecure services on macOS)
2026-09-09 21:30:52 Reason to skip: Incorrect guest OS (macOS only)
2026-09-09 21:30:52 Security check: file is normal
2026-09-09 21:30:52 Checking permissions of /root/lynis/include/tests_banners
2026-09-09 21:30:52 File permissions are OK
2026-09-09 21:30:52 ====
2026-09-09 21:30:52 Action: Performing tests from category: Banners and identification
2026-09-09 21:30:52 ====
2026-09-09 21:30:52 Skipped test BANN-7113 (Check COPYRIGHT banner file)
2026-09-09 21:30:52 Reason to skip: Incorrect guest OS (FreeBSD only)
2026-09-09 21:30:52 ====
2026-09-09 21:30:52 Performing test ID BANN-7124 (Check issue banner file)
2026-09-09 21:30:52 Test: Checking file /rootfsetc/issue
2026-09-09 21:30:52 Result: file /rootfsetc/issue does not exist
2026-09-09 21:30:52 ====
2026-09-09 21:30:52 Skipped test BANN-7126 (Check issue banner file contents)
2026-09-09 21:30:52 Reason to skip: Prerequisites not met (ie missing tool, other type of Linux distribution)
2026-09-09 21:30:52 ====
2026-09-09 21:30:52 Performing test ID BANN-7128 (Check issue.net banner file)
2026-09-09 21:30:52 Test: Checking file /rootfsetc/issue.net
2026-09-09 21:30:52 Result: file /rootfsetc/issue.net does not exist
2026-09-09 21:30:52 ====
2026-09-09 21:30:52 Skipped test BANN-7130 (Check issue.net banner file contents)
2026-09-09 21:30:52 Reason to skip: Prerequisites not met (ie missing tool, other type of Linux distribution)
2026-09-09 21:30:52 Security check: file is normal
2026-09-09 21:30:52 Checking permissions of /root/lynis/include/tests_scheduling
2026-09-09 21:30:52 File permissions are OK
2026-09-09 21:30:52 ====
2026-09-09 21:30:52 Action: Performing tests from category: Scheduled tasks
2026-09-09 21:30:52 ====
2026-09-09 21:30:52 Performing test ID SCHD-7702 (Check status of cron daemon)
2026-09-09 21:30:52 Result: cron daemon running
2026-09-09 21:30:52 ====
2026-09-09 21:30:53 Performing test ID SCHD-7704 (Check crontab/cronjobs)
2026-09-09 21:30:53 Test: checking directory /rootfsetc/cron.d
2026-09-09 21:30:53 Result: directory /rootfsetc/cron.d does not exist
2026-09-09 21:30:53 Test: checking directory /rootfsetc/cron.hourly
2026-09-09 21:30:53 Result: directory /rootfsetc/cron.hourly does not exist
2026-09-09 21:30:53 Test: checking directory /rootfsetc/cron.daily
2026-09-09 21:30:53 Result: directory /rootfsetc/cron.daily does not exist
2026-09-09 21:30:53 Test: checking directory /rootfsetc/cron.weekly
2026-09-09 21:30:53 Result: directory /rootfsetc/cron.weekly does not exist
2026-09-09 21:30:53 Test: checking directory /rootfsetc/cron.monthly
2026-09-09 21:30:53 Result: directory /rootfsetc/cron.monthly does not exist
2026-09-09 21:30:53 ====
2026-09-09 21:30:53 Performing test ID SCHD-7718 (Check at users)
2026-09-09 21:30:53 Test: Checking atd status
2026-09-09 21:30:53 Result: at daemon not active
2026-09-09 21:30:53 ====
2026-09-09 21:30:53 Skipped test SCHD-7720 (Check at users)
2026-09-09 21:30:53 Reason to skip: Prerequisites not met (ie missing tool, other type of Linux distribution)
2026-09-09 21:30:53 ====
2026-09-09 21:30:53 Skipped test SCHD-7724 (Check at jobs)
2026-09-09 21:30:53 Reason to skip: Prerequisites not met (ie missing tool, other type of Linux distribution)
2026-09-09 21:30:53 Result: no scheduled Lynis execution found (e.g. crontab, cronjob)
2026-09-09 21:30:53 Security check: file is normal
2026-09-09 21:30:53 Checking permissions of /root/lynis/include/tests_accounting
2026-09-09 21:30:53 File permissions are OK
2026-09-09 21:30:53 ====
2026-09-09 21:30:53 Action: Performing tests from category: Accounting
2026-09-09 21:30:53 ====
2026-09-09 21:30:53 Skipped test ACCT-2754 (Check for available FreeBSD accounting information)
2026-09-09 21:30:53 Reason to skip: Incorrect guest OS (FreeBSD only)
2026-09-09 21:30:53 ====
2026-09-09 21:30:53 Skipped test ACCT-2760 (Check for available OpenBSD accounting information)
2026-09-09 21:30:53 Reason to skip: Incorrect guest OS (OpenBSD only)
2026-09-09 21:30:53 ====
2026-09-09 21:30:53 Performing test ID ACCT-9622 (Check for available Linux accounting information)
2026-09-09 21:30:53 Test: Check accounting information
2026-09-09 21:30:53 Result: No accounting information available (/rootfsvar/account/pacct, /rootfsvar/log/account/pacct nor /rootfsvar/log/pacct exist)
2026-09-09 21:30:53 Remark: Possibly there is another location where the accounting data is stored
2026-09-09 21:30:53 Suggestion: Enable process accounting [test:ACCT-9622] [details:-] [solution:-]
2026-09-09 21:30:53 Hardening: assigned partial number of hardening points (2 of 3). Currently having 57 points (out of 96)
2026-09-09 21:30:53 ====
2026-09-09 21:30:53 Performing test ID ACCT-9626 (Check for sysstat accounting data)
2026-09-09 21:30:53 Test: check /rootfsetc/default/sysstat presence
2026-09-09 21:30:53 Result: sysstat not found via /rootfsetc/default/sysstat or /rootfsetc/cron.d/sysstat or as a systemd unit
2026-09-09 21:30:53 Suggestion: Enable sysstat to collect accounting (no results) [test:ACCT-9626] [details:-] [solution:-]
2026-09-09 21:30:53 ====
2026-09-09 21:30:53 Performing test ID ACCT-9628 (Check for auditd)
2026-09-09 21:30:53 Test: Check auditd status
2026-09-09 21:30:53 Performing pgrep scan without uid
2026-09-09 21:30:53 IsRunning: process 'auditd' not found
2026-09-09 21:30:53 Result: auditd not active
2026-09-09 21:30:53 Suggestion: Enable auditd to collect audit information [test:ACCT-9628] [details:-] [solution:-]
2026-09-09 21:30:53 Hardening: assigned partial number of hardening points (0 of 1). Currently having 57 points (out of 97)
2026-09-09 21:30:53 ====
2026-09-09 21:30:53 Skipped test ACCT-9630 (Check for auditd rules)
2026-09-09 21:30:53 Reason to skip: Prerequisites not met (ie missing tool, other type of Linux distribution)
2026-09-09 21:30:53 ====
2026-09-09 21:30:53 Skipped test ACCT-9632 (Check for auditd configuration file)
2026-09-09 21:30:53 Reason to skip: Prerequisites not met (ie missing tool, other type of Linux distribution)
2026-09-09 21:30:53 ====
2026-09-09 21:30:53 Skipped test ACCT-9634 (Check for auditd log file)
2026-09-09 21:30:53 Reason to skip: Prerequisites not met (ie missing tool, other type of Linux distribution)
2026-09-09 21:30:53 ====
2026-09-09 21:30:53 Performing test ID ACCT-9636 (Check for Snoopy wrapper and logger)
2026-09-09 21:30:53 ====
2026-09-09 21:30:53 Skipped test ACCT-9650 (Check Solaris audit daemon)
2026-09-09 21:30:53 Reason to skip: Incorrect guest OS (Solaris only)
2026-09-09 21:30:53 ====
2026-09-09 21:30:53 Skipped test ACCT-9652 (Check auditd SMF status)
2026-09-09 21:30:53 Reason to skip: Incorrect guest OS (Solaris only)
2026-09-09 21:30:53 ====
2026-09-09 21:30:53 Skipped test ACCT-9654 (Check BSM auditing in /rootfsetc/system)
2026-09-09 21:30:53 Reason to skip: Incorrect guest OS (Solaris only)
2026-09-09 21:30:53 ====
2026-09-09 21:30:53 Skipped test ACCT-9656 (Check BSM auditing in module list)
2026-09-09 21:30:53 Reason to skip: Incorrect guest OS (Solaris only)
2026-09-09 21:30:53 ====
2026-09-09 21:30:53 Skipped test ACCT-9660 (Check location of audit events)
2026-09-09 21:30:53 Reason to skip: Incorrect guest OS (Solaris only)
2026-09-09 21:30:53 ====
2026-09-09 21:30:53 Skipped test ACCT-9662 (Check Solaris auditing stats)
2026-09-09 21:30:53 Reason to skip: Incorrect guest OS (Solaris only)
2026-09-09 21:30:53 ====
2026-09-09 21:30:53 Skipped test ACCT-9670 (Check for cmd)
2026-09-09 21:30:53 Reason to skip: Prerequisites not met (ie missing tool, other type of Linux distribution)
2026-09-09 21:30:53 ====
2026-09-09 21:30:54 Skipped test ACCT-9672 (Check for cmd configuration file)
2026-09-09 21:30:54 Reason to skip: Prerequisites not met (ie missing tool, other type of Linux distribution)
2026-09-09 21:30:54 Security check: file is normal
2026-09-09 21:30:54 Checking permissions of /root/lynis/include/tests_time
2026-09-09 21:30:54 File permissions are OK
2026-09-09 21:30:54 ====
2026-09-09 21:30:54 Action: Performing tests from category: Time and Synchronization
2026-09-09 21:30:54 ====
2026-09-09 21:30:54 Performing test ID TIME-3104 (Check for running NTP daemon or client)
2026-09-09 21:30:54 Test: Searching for a running NTP daemon or available client
2026-09-09 21:30:54 Result: no chrony configuration found
2026-09-09 21:30:54 Performing pgrep scan without uid
2026-09-09 21:30:54 IsRunning: process 'dntpd' not found
2026-09-09 21:30:54 Performing pgrep scan without uid
2026-09-09 21:30:54 IsRunning: process 'timed' not found
2026-09-09 21:30:54 Result: crontab file /etc/anacrontab not found
2026-09-09 21:30:54 Result: crontab file /etc/crontab not found
2026-09-09 21:30:54 Result: no ntpdate or rdate found in cron directories
2026-09-09 21:30:54 Test: checking for file /etc/network/if-up.d/ntpdate
2026-09-09 21:30:54 Result: file /etc/network/if-up.d/ntpdate does not exist
2026-09-09 21:30:54 Result: Skipping display warning, as virtual machines usually don't need time synchronization in the VM itself
2026-09-09 21:30:54 ====
2026-09-09 21:30:54 Skipped test TIME-3106 (Check systemd NTP time synchronization status)
2026-09-09 21:30:54 Reason to skip: Prerequisites not met (ie missing tool, other type of Linux distribution)
2026-09-09 21:30:54 ====
2026-09-09 21:30:54 Skipped test TIME-3112 (Check active NTP associations ID's)
2026-09-09 21:30:54 Reason to skip: Prerequisites not met (ie missing tool, other type of Linux distribution)
2026-09-09 21:30:54 ====
2026-09-09 21:30:54 Skipped test TIME-3116 (Check peers with stratum value of 16)
2026-09-09 21:30:54 Reason to skip: Prerequisites not met (ie missing tool, other type of Linux distribution)
2026-09-09 21:30:54 ====
2026-09-09 21:30:54 Skipped test TIME-3120 (Check unreliable NTP peers)
2026-09-09 21:30:54 Reason to skip: Prerequisites not met (ie missing tool, other type of Linux distribution)
2026-09-09 21:30:54 ====
2026-09-09 21:30:54 Skipped test TIME-3124 (Check selected time source)
2026-09-09 21:30:54 Reason to skip: Prerequisites not met (ie missing tool, other type of Linux distribution)
2026-09-09 21:30:54 ====
2026-09-09 21:30:54 Skipped test TIME-3128 (Check preferred time source)
2026-09-09 21:30:54 Reason to skip: Prerequisites not met (ie missing tool, other type of Linux distribution)
2026-09-09 21:30:54 ====
2026-09-09 21:30:54 Skipped test TIME-3132 (Check NTP falsetickers)
2026-09-09 21:30:54 Reason to skip: Prerequisites not met (ie missing tool, other type of Linux distribution)
2026-09-09 21:30:54 ====
2026-09-09 21:30:54 Skipped test TIME-3136 (Check NTP protocol version)
2026-09-09 21:30:54 Reason to skip: Prerequisites not met (ie missing tool, other type of Linux distribution)
2026-09-09 21:30:54 ====
2026-09-09 21:30:54 Performing test ID TIME-3148 (Check TZ variable)
2026-09-09 21:30:54 Test: testing for TZ variable
2026-09-09 21:30:54 Result: found TZ variable with value notset
2026-09-09 21:30:54 ====
2026-09-09 21:30:54 Skipped test TIME-3160 (Check empty NTP step-tickers)
2026-09-09 21:30:54 Reason to skip: Prerequisites not met (ie missing tool, other type of Linux distribution)
2026-09-09 21:30:54 ====
2026-09-09 21:30:54 Performing test ID TIME-3170 (Check configuration files)
2026-09-09 21:30:54 ====
2026-09-09 21:30:54 Skipped test TIME-3180 (Report if ntpctl cannot communicate with OpenNTPD)
2026-09-09 21:30:54 Reason to skip: Prerequisites not met (ie missing tool, other type of Linux distribution)
2026-09-09 21:30:54 ====
2026-09-09 21:30:54 Skipped test TIME-3181 (Check status of OpenNTPD time synchronisation)
2026-09-09 21:30:54 Reason to skip: Prerequisites not met (ie missing tool, other type of Linux distribution)
2026-09-09 21:30:54 ====
2026-09-09 21:30:54 Skipped test TIME-3182 (Check OpenNTPD has working peers)
2026-09-09 21:30:54 Reason to skip: Prerequisites not met (ie missing tool, other type of Linux distribution)
2026-09-09 21:30:54 ====
2026-09-09 21:30:54 Skipped test TIME-3185 (Check systemd-timesyncd synchronized time)
2026-09-09 21:30:54 Reason to skip: Prerequisites not met (ie missing tool, other type of Linux distribution)
2026-09-09 21:30:54 Security check: file is normal
2026-09-09 21:30:54 Checking permissions of /root/lynis/include/tests_crypto
2026-09-09 21:30:54 File permissions are OK
2026-09-09 21:30:54 ====
2026-09-09 21:30:54 Action: Performing tests from category: Cryptography
2026-09-09 21:30:54 ====
2026-09-09 21:30:54 Performing test ID CRYP-7902 (Check expire date of SSL certificates)
2026-09-09 21:30:54 Paths to scan: /etc/apache2 /etc/dovecot /etc/httpd /etc/letsencrypt /etc/pki /etc/postfix /etc/refind.d/keys /etc/ssl /opt/psa/var/certificates /usr/local/psa/var/certificates /usr/local/share/ca-certificates /usr/share/ca-certificates /usr/share/gnupg /var/www /srv/www
2026-09-09 21:30:54 Paths to ignore: /etc/letsencrypt/archive
2026-09-09 21:30:54 Result: SSL path /etc/apache2 does not exist
2026-09-09 21:30:54 Result: SSL path /etc/dovecot does not exist
2026-09-09 21:30:54 Result: SSL path /etc/httpd does not exist
2026-09-09 21:30:54 Result: SSL path /etc/letsencrypt does not exist
2026-09-09 21:30:54 Result: SSL path /etc/pki does not exist
2026-09-09 21:30:54 Result: SSL path /etc/postfix does not exist
2026-09-09 21:30:54 Result: SSL path /etc/refind.d/keys does not exist
2026-09-09 21:30:54 Test: check if we can access /etc/ssl (escaped: /etc/ssl)
2026-09-09 21:30:54 Result: file is owned by our current user ID (0), checking if it is readable
2026-09-09 21:30:54 Result: file /etc/ssl is readable (or directory accessible).
2026-09-09 21:30:54 Result: found directory /etc/ssl
2026-09-09 21:30:54 Test: check if we can access /etc/ssl/certs/ca-certificates.crt (escaped: /etc/ssl/certs/ca-certificates.crt)
2026-09-09 21:30:55 Result: file is owned by our current user ID (0), checking if it is readable
2026-09-09 21:30:55 Result: file /etc/ssl/certs/ca-certificates.crt is readable (or directory accessible).
2026-09-09 21:30:55 Result: file '/etc/ssl/certs/ca-certificates.crt' does most likely not belong to a package
2026-09-09 21:30:55 Result: file is a certificate file
2026-09-09 21:30:55 Result: certificate /etc/ssl/certs/ca-certificates.crt seems to be correct and still valid
2026-09-09 21:30:55 Result: found 1 certificates in /etc/ssl
2026-09-09 21:30:55 Result: SSL path /opt/psa/var/certificates does not exist
2026-09-09 21:30:55 Result: SSL path /usr/local/psa/var/certificates does not exist
2026-09-09 21:30:55 Test: check if we can access /usr/local/share/ca-certificates (escaped: /usr/local/share/ca-certificates)
2026-09-09 21:30:55 Result: file is owned by our current user ID (0), checking if it is readable
2026-09-09 21:30:55 Result: file /usr/local/share/ca-certificates is readable (or directory accessible).
2026-09-09 21:30:55 Result: found directory /usr/local/share/ca-certificates
2026-09-09 21:30:55 Result: found 0 certificates in /usr/local/share/ca-certificates
2026-09-09 21:30:55 Test: check if we can access /usr/share/ca-certificates (escaped: /usr/share/ca-certificates)
2026-09-09 21:30:55 Result: file is owned by our current user ID (0), checking if it is readable
2026-09-09 21:30:55 Result: file /usr/share/ca-certificates is readable (or directory accessible).
2026-09-09 21:30:55 Result: found directory /usr/share/ca-certificates
2026-09-09 21:30:55 Test: check if we can access /usr/share/ca-certificates/mozilla/ACCVRAIZ1.crt (escaped: /usr/share/ca-certificates/mozilla/ACCVRAIZ1.crt)
2026-09-09 21:30:55 Result: file is owned by our current user ID (0), checking if it is readable
2026-09-09 21:30:55 Result: file /usr/share/ca-certificates/mozilla/ACCVRAIZ1.crt is readable (or directory accessible).
2026-09-09 21:30:55 Result: file '/usr/share/ca-certificates/mozilla/ACCVRAIZ1.crt' belongs to package (ca-certificates)
2026-09-09 21:30:55 Test: check if we can access /usr/share/ca-certificates/mozilla/AC_RAIZ_FNMT-RCM.crt (escaped: /usr/share/ca-certificates/mozilla/AC_RAIZ_FNMT-RCM.crt)
2026-09-09 21:30:55 Result: file is owned by our current user ID (0), checking if it is readable
2026-09-09 21:30:55 Result: file /usr/share/ca-certificates/mozilla/AC_RAIZ_FNMT-RCM.crt is readable (or directory accessible).
2026-09-09 21:30:55 Result: file '/usr/share/ca-certificates/mozilla/AC_RAIZ_FNMT-RCM.crt' belongs to package (ca-certificates)
2026-09-09 21:30:55 Test: check if we can access /usr/share/ca-certificates/mozilla/AC_RAIZ_FNMT-RCM_SERVIDORES_SEGUROS.crt (escaped: /usr/share/ca-certificates/mozilla/AC_RAIZ_FNMT-RCM_SERVIDORES_SEGUROS.crt)
2026-09-09 21:30:55 Result: file is owned by our current user ID (0), checking if it is readable
2026-09-09 21:30:55 Result: file /usr/share/ca-certificates/mozilla/AC_RAIZ_FNMT-RCM_SERVIDORES_SEGUROS.crt is readable (or directory accessible).
2026-09-09 21:30:55 Result: file '/usr/share/ca-certificates/mozilla/AC_RAIZ_FNMT-RCM_SERVIDORES_SEGUROS.crt' belongs to package (ca-certificates)
2026-09-09 21:30:55 Test: check if we can access /usr/share/ca-certificates/mozilla/ANF_Secure_Server_Root_CA.crt (escaped: /usr/share/ca-certificates/mozilla/ANF_Secure_Server_Root_CA.crt)
2026-09-09 21:30:55 Result: file is owned by our current user ID (0), checking if it is readable
2026-09-09 21:30:55 Result: file /usr/share/ca-certificates/mozilla/ANF_Secure_Server_Root_CA.crt is readable (or directory accessible).
2026-09-09 21:30:55 Result: file '/usr/share/ca-certificates/mozilla/ANF_Secure_Server_Root_CA.crt' belongs to package (ca-certificates)
2026-09-09 21:30:55 Test: check if we can access /usr/share/ca-certificates/mozilla/Actalis_Authentication_Root_CA.crt (escaped: /usr/share/ca-certificates/mozilla/Actalis_Authentication_Root_CA.crt)
2026-09-09 21:30:55 Result: file is owned by our current user ID (0), checking if it is readable
2026-09-09 21:30:55 Result: file /usr/share/ca-certificates/mozilla/Actalis_Authentication_Root_CA.crt is readable (or directory accessible).
2026-09-09 21:30:55 Result: file '/usr/share/ca-certificates/mozilla/Actalis_Authentication_Root_CA.crt' belongs to package (ca-certificates)
2026-09-09 21:30:55 Test: check if we can access /usr/share/ca-certificates/mozilla/Amazon_Root_CA_1.crt (escaped: /usr/share/ca-certificates/mozilla/Amazon_Root_CA_1.crt)
2026-09-09 21:30:55 Result: file is owned by our current user ID (0), checking if it is readable
2026-09-09 21:30:55 Result: file /usr/share/ca-certificates/mozilla/Amazon_Root_CA_1.crt is readable (or directory accessible).
2026-09-09 21:30:55 Result: file '/usr/share/ca-certificates/mozilla/Amazon_Root_CA_1.crt' belongs to package (ca-certificates)
2026-09-09 21:30:55 Test: check if we can access /usr/share/ca-certificates/mozilla/Amazon_Root_CA_2.crt (escaped: /usr/share/ca-certificates/mozilla/Amazon_Root_CA_2.crt)
2026-09-09 21:30:55 Result: file is owned by our current user ID (0), checking if it is readable
2026-09-09 21:30:55 Result: file /usr/share/ca-certificates/mozilla/Amazon_Root_CA_2.crt is readable (or directory accessible).
2026-09-09 21:30:55 Result: file '/usr/share/ca-certificates/mozilla/Amazon_Root_CA_2.crt' belongs to package (ca-certificates)
2026-09-09 21:30:55 Test: check if we can access /usr/share/ca-certificates/mozilla/Amazon_Root_CA_3.crt (escaped: /usr/share/ca-certificates/mozilla/Amazon_Root_CA_3.crt)
2026-09-09 21:30:55 Result: file is owned by our current user ID (0), checking if it is readable
2026-09-09 21:30:55 Result: file /usr/share/ca-certificates/mozilla/Amazon_Root_CA_3.crt is readable (or directory accessible).
2026-09-09 21:30:55 Result: file '/usr/share/ca-certificates/mozilla/Amazon_Root_CA_3.crt' belongs to package (ca-certificates)
2026-09-09 21:30:55 Test: check if we can access /usr/share/ca-certificates/mozilla/Amazon_Root_CA_4.crt (escaped: /usr/share/ca-certificates/mozilla/Amazon_Root_CA_4.crt)
2026-09-09 21:30:55 Result: file is owned by our current user ID (0), checking if it is readable
2026-09-09 21:30:55 Result: file /usr/share/ca-certificates/mozilla/Amazon_Root_CA_4.crt is readable (or directory accessible).
2026-09-09 21:30:55 Result: file '/usr/share/ca-certificates/mozilla/Amazon_Root_CA_4.crt' belongs to package (ca-certificates)
2026-09-09 21:30:55 Test: check if we can access /usr/share/ca-certificates/mozilla/Atos_TrustedRoot_2011.crt (escaped: /usr/share/ca-certificates/mozilla/Atos_TrustedRoot_2011.crt)
2026-09-09 21:30:55 Result: file is owned by our current user ID (0), checking if it is readable
2026-09-09 21:30:55 Result: file /usr/share/ca-certificates/mozilla/Atos_TrustedRoot_2011.crt is readable (or directory accessible).
2026-09-09 21:30:55 Result: file '/usr/share/ca-certificates/mozilla/Atos_TrustedRoot_2011.crt' belongs to package (ca-certificates)
2026-09-09 21:30:55 Test: check if we can access /usr/share/ca-certificates/mozilla/Atos_TrustedRoot_Root_CA_ECC_TLS_2021.crt (escaped: /usr/share/ca-certificates/mozilla/Atos_TrustedRoot_Root_CA_ECC_TLS_2021.crt)
2026-09-09 21:30:55 Result: file is owned by our current user ID (0), checking if it is readable
2026-09-09 21:30:55 Result: file /usr/share/ca-certificates/mozilla/Atos_TrustedRoot_Root_CA_ECC_TLS_2021.crt is readable (or directory accessible).
2026-09-09 21:30:55 Result: file '/usr/share/ca-certificates/mozilla/Atos_TrustedRoot_Root_CA_ECC_TLS_2021.crt' belongs to package (ca-certificates)
2026-09-09 21:30:55 Test: check if we can access /usr/share/ca-certificates/mozilla/Atos_TrustedRoot_Root_CA_RSA_TLS_2021.crt (escaped: /usr/share/ca-certificates/mozilla/Atos_TrustedRoot_Root_CA_RSA_TLS_2021.crt)
2026-09-09 21:30:55 Result: file is owned by our current user ID (0), checking if it is readable
2026-09-09 21:30:55 Result: file /usr/share/ca-certificates/mozilla/Atos_TrustedRoot_Root_CA_RSA_TLS_2021.crt is readable (or directory accessible).
2026-09-09 21:30:55 Result: file '/usr/share/ca-certificates/mozilla/Atos_TrustedRoot_Root_CA_RSA_TLS_2021.crt' belongs to package (ca-certificates)
2026-09-09 21:30:55 Test: check if we can access /usr/share/ca-certificates/mozilla/Autoridad_de_Certificacion_Firmaprofesional_CIF_A62634068.crt (escaped: /usr/share/ca-certificates/mozilla/Autoridad_de_Certificacion_Firmaprofesional_CIF_A62634068.crt)
2026-09-09 21:30:55 Result: file is owned by our current user ID (0), checking if it is readable
2026-09-09 21:30:55 Result: file /usr/share/ca-certificates/mozilla/Autoridad_de_Certificacion_Firmaprofesional_CIF_A62634068.crt is readable (or directory accessible).
2026-09-09 21:30:55 Result: file '/usr/share/ca-certificates/mozilla/Autoridad_de_Certificacion_Firmaprofesional_CIF_A62634068.crt' belongs to package (ca-certificates)
2026-09-09 21:30:55 Test: check if we can access /usr/share/ca-certificates/mozilla/BJCA_Global_Root_CA1.crt (escaped: /usr/share/ca-certificates/mozilla/BJCA_Global_Root_CA1.crt)
2026-09-09 21:30:55 Result: file is owned by our current user ID (0), checking if it is readable
2026-09-09 21:30:55 Result: file /usr/share/ca-certificates/mozilla/BJCA_Global_Root_CA1.crt is readable (or directory accessible).
2026-09-09 21:30:55 Result: file '/usr/share/ca-certificates/mozilla/BJCA_Global_Root_CA1.crt' belongs to package (ca-certificates)
2026-09-09 21:30:55 Test: check if we can access /usr/share/ca-certificates/mozilla/BJCA_Global_Root_CA2.crt (escaped: /usr/share/ca-certificates/mozilla/BJCA_Global_Root_CA2.crt)
2026-09-09 21:30:55 Result: file is owned by our current user ID (0), checking if it is readable
2026-09-09 21:30:55 Result: file /usr/share/ca-certificates/mozilla/BJCA_Global_Root_CA2.crt is readable (or directory accessible).
2026-09-09 21:30:55 Result: file '/usr/share/ca-certificates/mozilla/BJCA_Global_Root_CA2.crt' belongs to package (ca-certificates)
2026-09-09 21:30:56 Test: check if we can access /usr/share/ca-certificates/mozilla/Buypass_Class_2_Root_CA.crt (escaped: /usr/share/ca-certificates/mozilla/Buypass_Class_2_Root_CA.crt)
2026-09-09 21:30:56 Result: file is owned by our current user ID (0), checking if it is readable
2026-09-09 21:30:56 Result: file /usr/share/ca-certificates/mozilla/Buypass_Class_2_Root_CA.crt is readable (or directory accessible).
2026-09-09 21:30:56 Result: file '/usr/share/ca-certificates/mozilla/Buypass_Class_2_Root_CA.crt' belongs to package (ca-certificates)
2026-09-09 21:30:56 Test: check if we can access /usr/share/ca-certificates/mozilla/Buypass_Class_3_Root_CA.crt (escaped: /usr/share/ca-certificates/mozilla/Buypass_Class_3_Root_CA.crt)
2026-09-09 21:30:56 Result: file is owned by our current user ID (0), checking if it is readable
2026-09-09 21:30:56 Result: file /usr/share/ca-certificates/mozilla/Buypass_Class_3_Root_CA.crt is readable (or directory accessible).
2026-09-09 21:30:56 Result: file '/usr/share/ca-certificates/mozilla/Buypass_Class_3_Root_CA.crt' belongs to package (ca-certificates)
2026-09-09 21:30:56 Test: check if we can access /usr/share/ca-certificates/mozilla/CA_Disig_Root_R2.crt (escaped: /usr/share/ca-certificates/mozilla/CA_Disig_Root_R2.crt)
2026-09-09 21:30:56 Result: file is owned by our current user ID (0), checking if it is readable
2026-09-09 21:30:56 Result: file /usr/share/ca-certificates/mozilla/CA_Disig_Root_R2.crt is readable (or directory accessible).
2026-09-09 21:30:56 Result: file '/usr/share/ca-certificates/mozilla/CA_Disig_Root_R2.crt' belongs to package (ca-certificates)
2026-09-09 21:30:56 Test: check if we can access /usr/share/ca-certificates/mozilla/CFCA_EV_ROOT.crt (escaped: /usr/share/ca-certificates/mozilla/CFCA_EV_ROOT.crt)
2026-09-09 21:30:56 Result: file is owned by our current user ID (0), checking if it is readable
2026-09-09 21:30:56 Result: file /usr/share/ca-certificates/mozilla/CFCA_EV_ROOT.crt is readable (or directory accessible).
2026-09-09 21:30:56 Result: file '/usr/share/ca-certificates/mozilla/CFCA_EV_ROOT.crt' belongs to package (ca-certificates)
2026-09-09 21:30:56 Test: check if we can access /usr/share/ca-certificates/mozilla/COMODO_ECC_Certification_Authority.crt (escaped: /usr/share/ca-certificates/mozilla/COMODO_ECC_Certification_Authority.crt)
2026-09-09 21:30:56 Result: file is owned by our current user ID (0), checking if it is readable
2026-09-09 21:30:56 Result: file /usr/share/ca-certificates/mozilla/COMODO_ECC_Certification_Authority.crt is readable (or directory accessible).
2026-09-09 21:30:56 Result: file '/usr/share/ca-certificates/mozilla/COMODO_ECC_Certification_Authority.crt' belongs to package (ca-certificates)
2026-09-09 21:30:56 Test: check if we can access /usr/share/ca-certificates/mozilla/COMODO_RSA_Certification_Authority.crt (escaped: /usr/share/ca-certificates/mozilla/COMODO_RSA_Certification_Authority.crt)
2026-09-09 21:30:56 Result: file is owned by our current user ID (0), checking if it is readable
2026-09-09 21:30:56 Result: file /usr/share/ca-certificates/mozilla/COMODO_RSA_Certification_Authority.crt is readable (or directory accessible).
2026-09-09 21:30:56 Result: file '/usr/share/ca-certificates/mozilla/COMODO_RSA_Certification_Authority.crt' belongs to package (ca-certificates)
2026-09-09 21:30:56 Test: check if we can access /usr/share/ca-certificates/mozilla/Certainly_Root_E1.crt (escaped: /usr/share/ca-certificates/mozilla/Certainly_Root_E1.crt)
2026-09-09 21:30:56 Result: file is owned by our current user ID (0), checking if it is readable
2026-09-09 21:30:56 Result: file /usr/share/ca-certificates/mozilla/Certainly_Root_E1.crt is readable (or directory accessible).
2026-09-09 21:30:56 Result: file '/usr/share/ca-certificates/mozilla/Certainly_Root_E1.crt' belongs to package (ca-certificates)
2026-09-09 21:30:56 Test: check if we can access /usr/share/ca-certificates/mozilla/Certainly_Root_R1.crt (escaped: /usr/share/ca-certificates/mozilla/Certainly_Root_R1.crt)
2026-09-09 21:30:56 Result: file is owned by our current user ID (0), checking if it is readable
2026-09-09 21:30:56 Result: file /usr/share/ca-certificates/mozilla/Certainly_Root_R1.crt is readable (or directory accessible).
2026-09-09 21:30:56 Result: file '/usr/share/ca-certificates/mozilla/Certainly_Root_R1.crt' belongs to package (ca-certificates)
2026-09-09 21:30:56 Test: check if we can access /usr/share/ca-certificates/mozilla/Certigna_Root_CA.crt (escaped: /usr/share/ca-certificates/mozilla/Certigna_Root_CA.crt)
2026-09-09 21:30:56 Result: file is owned by our current user ID (0), checking if it is readable
2026-09-09 21:30:56 Result: file /usr/share/ca-certificates/mozilla/Certigna_Root_CA.crt is readable (or directory accessible).
2026-09-09 21:30:56 Result: file '/usr/share/ca-certificates/mozilla/Certigna_Root_CA.crt' belongs to package (ca-certificates)
2026-09-09 21:30:56 Test: check if we can access /usr/share/ca-certificates/mozilla/Certum_EC-384_CA.crt (escaped: /usr/share/ca-certificates/mozilla/Certum_EC-384_CA.crt)
2026-09-09 21:30:56 Result: file is owned by our current user ID (0), checking if it is readable
2026-09-09 21:30:56 Result: file /usr/share/ca-certificates/mozilla/Certum_EC-384_CA.crt is readable (or directory accessible).
2026-09-09 21:30:56 Result: file '/usr/share/ca-certificates/mozilla/Certum_EC-384_CA.crt' belongs to package (ca-certificates)
2026-09-09 21:30:56 Test: check if we can access /usr/share/ca-certificates/mozilla/Certum_Trusted_Network_CA.crt (escaped: /usr/share/ca-certificates/mozilla/Certum_Trusted_Network_CA.crt)
2026-09-09 21:30:56 Result: file is owned by our current user ID (0), checking if it is readable
2026-09-09 21:30:56 Result: file /usr/share/ca-certificates/mozilla/Certum_Trusted_Network_CA.crt is readable (or directory accessible).
2026-09-09 21:30:56 Result: file '/usr/share/ca-certificates/mozilla/Certum_Trusted_Network_CA.crt' belongs to package (ca-certificates)
2026-09-09 21:30:56 Test: check if we can access /usr/share/ca-certificates/mozilla/Certum_Trusted_Network_CA_2.crt (escaped: /usr/share/ca-certificates/mozilla/Certum_Trusted_Network_CA_2.crt)
2026-09-09 21:30:56 Result: file is owned by our current user ID (0), checking if it is readable
2026-09-09 21:30:56 Result: file /usr/share/ca-certificates/mozilla/Certum_Trusted_Network_CA_2.crt is readable (or directory accessible).
2026-09-09 21:30:56 Result: file '/usr/share/ca-certificates/mozilla/Certum_Trusted_Network_CA_2.crt' belongs to package (ca-certificates)
2026-09-09 21:30:56 Test: check if we can access /usr/share/ca-certificates/mozilla/Certum_Trusted_Root_CA.crt (escaped: /usr/share/ca-certificates/mozilla/Certum_Trusted_Root_CA.crt)
2026-09-09 21:30:56 Result: file is owned by our current user ID (0), checking if it is readable
2026-09-09 21:30:56 Result: file /usr/share/ca-certificates/mozilla/Certum_Trusted_Root_CA.crt is readable (or directory accessible).
2026-09-09 21:30:56 Result: file '/usr/share/ca-certificates/mozilla/Certum_Trusted_Root_CA.crt' belongs to package (ca-certificates)
2026-09-09 21:30:56 Test: check if we can access /usr/share/ca-certificates/mozilla/D-TRUST_BR_Root_CA_1_2020.crt (escaped: /usr/share/ca-certificates/mozilla/D-TRUST_BR_Root_CA_1_2020.crt)
2026-09-09 21:30:56 Result: file is owned by our current user ID (0), checking if it is readable
2026-09-09 21:30:56 Result: file /usr/share/ca-certificates/mozilla/D-TRUST_BR_Root_CA_1_2020.crt is readable (or directory accessible).
2026-09-09 21:30:56 Result: file '/usr/share/ca-certificates/mozilla/D-TRUST_BR_Root_CA_1_2020.crt' belongs to package (ca-certificates)
2026-09-09 21:30:56 Test: check if we can access /usr/share/ca-certificates/mozilla/D-TRUST_BR_Root_CA_2_2023.crt (escaped: /usr/share/ca-certificates/mozilla/D-TRUST_BR_Root_CA_2_2023.crt)
2026-09-09 21:30:56 Result: file is owned by our current user ID (0), checking if it is readable
2026-09-09 21:30:56 Result: file /usr/share/ca-certificates/mozilla/D-TRUST_BR_Root_CA_2_2023.crt is readable (or directory accessible).
2026-09-09 21:30:56 Result: file '/usr/share/ca-certificates/mozilla/D-TRUST_BR_Root_CA_2_2023.crt' belongs to package (ca-certificates)
2026-09-09 21:30:56 Test: check if we can access /usr/share/ca-certificates/mozilla/D-TRUST_EV_Root_CA_1_2020.crt (escaped: /usr/share/ca-certificates/mozilla/D-TRUST_EV_Root_CA_1_2020.crt)
2026-09-09 21:30:56 Result: file is owned by our current user ID (0), checking if it is readable
2026-09-09 21:30:56 Result: file /usr/share/ca-certificates/mozilla/D-TRUST_EV_Root_CA_1_2020.crt is readable (or directory accessible).
2026-09-09 21:30:56 Result: file '/usr/share/ca-certificates/mozilla/D-TRUST_EV_Root_CA_1_2020.crt' belongs to package (ca-certificates)
2026-09-09 21:30:56 Test: check if we can access /usr/share/ca-certificates/mozilla/D-TRUST_EV_Root_CA_2_2023.crt (escaped: /usr/share/ca-certificates/mozilla/D-TRUST_EV_Root_CA_2_2023.crt)
2026-09-09 21:30:56 Result: file is owned by our current user ID (0), checking if it is readable
2026-09-09 21:30:56 Result: file /usr/share/ca-certificates/mozilla/D-TRUST_EV_Root_CA_2_2023.crt is readable (or directory accessible).
2026-09-09 21:30:56 Result: file '/usr/share/ca-certificates/mozilla/D-TRUST_EV_Root_CA_2_2023.crt' belongs to package (ca-certificates)
2026-09-09 21:30:56 Test: check if we can access /usr/share/ca-certificates/mozilla/D-TRUST_Root_Class_3_CA_2_2009.crt (escaped: /usr/share/ca-certificates/mozilla/D-TRUST_Root_Class_3_CA_2_2009.crt)
2026-09-09 21:30:56 Result: file is owned by our current user ID (0), checking if it is readable
2026-09-09 21:30:56 Result: file /usr/share/ca-certificates/mozilla/D-TRUST_Root_Class_3_CA_2_2009.crt is readable (or directory accessible).
2026-09-09 21:30:56 Result: file '/usr/share/ca-certificates/mozilla/D-TRUST_Root_Class_3_CA_2_2009.crt' belongs to package (ca-certificates)
2026-09-09 21:30:56 Test: check if we can access /usr/share/ca-certificates/mozilla/D-TRUST_Root_Class_3_CA_2_EV_2009.crt (escaped: /usr/share/ca-certificates/mozilla/D-TRUST_Root_Class_3_CA_2_EV_2009.crt)
2026-09-09 21:30:56 Result: file is owned by our current user ID (0), checking if it is readable
2026-09-09 21:30:56 Result: file /usr/share/ca-certificates/mozilla/D-TRUST_Root_Class_3_CA_2_EV_2009.crt is readable (or directory accessible).
2026-09-09 21:30:57 Result: file '/usr/share/ca-certificates/mozilla/D-TRUST_Root_Class_3_CA_2_EV_2009.crt' belongs to package (ca-certificates)
2026-09-09 21:30:57 Test: check if we can access /usr/share/ca-certificates/mozilla/DigiCert_Assured_ID_Root_G2.crt (escaped: /usr/share/ca-certificates/mozilla/DigiCert_Assured_ID_Root_G2.crt)
2026-09-09 21:30:57 Result: file is owned by our current user ID (0), checking if it is readable
2026-09-09 21:30:57 Result: file /usr/share/ca-certificates/mozilla/DigiCert_Assured_ID_Root_G2.crt is readable (or directory accessible).
2026-09-09 21:30:57 Result: file '/usr/share/ca-certificates/mozilla/DigiCert_Assured_ID_Root_G2.crt' belongs to package (ca-certificates)
2026-09-09 21:30:57 Test: check if we can access /usr/share/ca-certificates/mozilla/DigiCert_Assured_ID_Root_G3.crt (escaped: /usr/share/ca-certificates/mozilla/DigiCert_Assured_ID_Root_G3.crt)
2026-09-09 21:30:57 Result: file is owned by our current user ID (0), checking if it is readable
2026-09-09 21:30:57 Result: file /usr/share/ca-certificates/mozilla/DigiCert_Assured_ID_Root_G3.crt is readable (or directory accessible).
2026-09-09 21:30:57 Result: file '/usr/share/ca-certificates/mozilla/DigiCert_Assured_ID_Root_G3.crt' belongs to package (ca-certificates)
2026-09-09 21:30:57 Test: check if we can access /usr/share/ca-certificates/mozilla/DigiCert_Global_Root_G2.crt (escaped: /usr/share/ca-certificates/mozilla/DigiCert_Global_Root_G2.crt)
2026-09-09 21:30:57 Result: file is owned by our current user ID (0), checking if it is readable
2026-09-09 21:30:57 Result: file /usr/share/ca-certificates/mozilla/DigiCert_Global_Root_G2.crt is readable (or directory accessible).
2026-09-09 21:30:57 Result: file '/usr/share/ca-certificates/mozilla/DigiCert_Global_Root_G2.crt' belongs to package (ca-certificates)
2026-09-09 21:30:57 Test: check if we can access /usr/share/ca-certificates/mozilla/DigiCert_Global_Root_G3.crt (escaped: /usr/share/ca-certificates/mozilla/DigiCert_Global_Root_G3.crt)
2026-09-09 21:30:57 Result: file is owned by our current user ID (0), checking if it is readable
2026-09-09 21:30:57 Result: file /usr/share/ca-certificates/mozilla/DigiCert_Global_Root_G3.crt is readable (or directory accessible).
2026-09-09 21:30:57 Result: file '/usr/share/ca-certificates/mozilla/DigiCert_Global_Root_G3.crt' belongs to package (ca-certificates)
2026-09-09 21:30:57 Test: check if we can access /usr/share/ca-certificates/mozilla/DigiCert_TLS_ECC_P384_Root_G5.crt (escaped: /usr/share/ca-certificates/mozilla/DigiCert_TLS_ECC_P384_Root_G5.crt)
2026-09-09 21:30:57 Result: file is owned by our current user ID (0), checking if it is readable
2026-09-09 21:30:57 Result: file /usr/share/ca-certificates/mozilla/DigiCert_TLS_ECC_P384_Root_G5.crt is readable (or directory accessible).
2026-09-09 21:30:57 Result: file '/usr/share/ca-certificates/mozilla/DigiCert_TLS_ECC_P384_Root_G5.crt' belongs to package (ca-certificates)
2026-09-09 21:30:57 Test: check if we can access /usr/share/ca-certificates/mozilla/DigiCert_TLS_RSA4096_Root_G5.crt (escaped: /usr/share/ca-certificates/mozilla/DigiCert_TLS_RSA4096_Root_G5.crt)
2026-09-09 21:30:57 Result: file is owned by our current user ID (0), checking if it is readable
2026-09-09 21:30:57 Result: file /usr/share/ca-certificates/mozilla/DigiCert_TLS_RSA4096_Root_G5.crt is readable (or directory accessible).
2026-09-09 21:30:57 Result: file '/usr/share/ca-certificates/mozilla/DigiCert_TLS_RSA4096_Root_G5.crt' belongs to package (ca-certificates)
2026-09-09 21:30:57 Test: check if we can access /usr/share/ca-certificates/mozilla/DigiCert_Trusted_Root_G4.crt (escaped: /usr/share/ca-certificates/mozilla/DigiCert_Trusted_Root_G4.crt)
2026-09-09 21:30:57 Result: file is owned by our current user ID (0), checking if it is readable
2026-09-09 21:30:57 Result: file /usr/share/ca-certificates/mozilla/DigiCert_Trusted_Root_G4.crt is readable (or directory accessible).
2026-09-09 21:30:57 Result: file '/usr/share/ca-certificates/mozilla/DigiCert_Trusted_Root_G4.crt' belongs to package (ca-certificates)
2026-09-09 21:30:57 Test: check if we can access /usr/share/ca-certificates/mozilla/Entrust_Root_Certification_Authority.crt (escaped: /usr/share/ca-certificates/mozilla/Entrust_Root_Certification_Authority.crt)
2026-09-09 21:30:57 Result: file is owned by our current user ID (0), checking if it is readable
2026-09-09 21:30:57 Result: file /usr/share/ca-certificates/mozilla/Entrust_Root_Certification_Authority.crt is readable (or directory accessible).
2026-09-09 21:30:57 Result: file '/usr/share/ca-certificates/mozilla/Entrust_Root_Certification_Authority.crt' belongs to package (ca-certificates)
2026-09-09 21:30:57 Test: check if we can access /usr/share/ca-certificates/mozilla/GDCA_TrustAUTH_R5_ROOT.crt (escaped: /usr/share/ca-certificates/mozilla/GDCA_TrustAUTH_R5_ROOT.crt)
2026-09-09 21:30:57 Result: file is owned by our current user ID (0), checking if it is readable
2026-09-09 21:30:57 Result: file /usr/share/ca-certificates/mozilla/GDCA_TrustAUTH_R5_ROOT.crt is readable (or directory accessible).
2026-09-09 21:30:57 Result: file '/usr/share/ca-certificates/mozilla/GDCA_TrustAUTH_R5_ROOT.crt' belongs to package (ca-certificates)
2026-09-09 21:30:57 Test: check if we can access /usr/share/ca-certificates/mozilla/GTS_Root_R1.crt (escaped: /usr/share/ca-certificates/mozilla/GTS_Root_R1.crt)
2026-09-09 21:30:57 Result: file is owned by our current user ID (0), checking if it is readable
2026-09-09 21:30:57 Result: file /usr/share/ca-certificates/mozilla/GTS_Root_R1.crt is readable (or directory accessible).
2026-09-09 21:30:57 Result: file '/usr/share/ca-certificates/mozilla/GTS_Root_R1.crt' belongs to package (ca-certificates)
2026-09-09 21:30:57 Test: check if we can access /usr/share/ca-certificates/mozilla/GTS_Root_R3.crt (escaped: /usr/share/ca-certificates/mozilla/GTS_Root_R3.crt)
2026-09-09 21:30:57 Result: file is owned by our current user ID (0), checking if it is readable
2026-09-09 21:30:57 Result: file /usr/share/ca-certificates/mozilla/GTS_Root_R3.crt is readable (or directory accessible).
2026-09-09 21:30:57 Result: file '/usr/share/ca-certificates/mozilla/GTS_Root_R3.crt' belongs to package (ca-certificates)
2026-09-09 21:30:57 Test: check if we can access /usr/share/ca-certificates/mozilla/GTS_Root_R4.crt (escaped: /usr/share/ca-certificates/mozilla/GTS_Root_R4.crt)
2026-09-09 21:30:57 Result: file is owned by our current user ID (0), checking if it is readable
2026-09-09 21:30:57 Result: file /usr/share/ca-certificates/mozilla/GTS_Root_R4.crt is readable (or directory accessible).
2026-09-09 21:30:57 Result: file '/usr/share/ca-certificates/mozilla/GTS_Root_R4.crt' belongs to package (ca-certificates)
2026-09-09 21:30:57 Test: check if we can access /usr/share/ca-certificates/mozilla/GlobalSign_ECC_Root_CA_-_R4.crt (escaped: /usr/share/ca-certificates/mozilla/GlobalSign_ECC_Root_CA_-_R4.crt)
2026-09-09 21:30:57 Result: file is owned by our current user ID (0), checking if it is readable
2026-09-09 21:30:57 Result: file /usr/share/ca-certificates/mozilla/GlobalSign_ECC_Root_CA_-_R4.crt is readable (or directory accessible).
2026-09-09 21:30:57 Result: file '/usr/share/ca-certificates/mozilla/GlobalSign_ECC_Root_CA_-_R4.crt' belongs to package (ca-certificates)
2026-09-09 21:30:57 Test: check if we can access /usr/share/ca-certificates/mozilla/GlobalSign_ECC_Root_CA_-_R5.crt (escaped: /usr/share/ca-certificates/mozilla/GlobalSign_ECC_Root_CA_-_R5.crt)
2026-09-09 21:30:57 Result: file is owned by our current user ID (0), checking if it is readable
2026-09-09 21:30:57 Result: file /usr/share/ca-certificates/mozilla/GlobalSign_ECC_Root_CA_-_R5.crt is readable (or directory accessible).
2026-09-09 21:30:57 Result: file '/usr/share/ca-certificates/mozilla/GlobalSign_ECC_Root_CA_-_R5.crt' belongs to package (ca-certificates)
2026-09-09 21:30:57 Test: check if we can access /usr/share/ca-certificates/mozilla/GlobalSign_Root_CA_-_R3.crt (escaped: /usr/share/ca-certificates/mozilla/GlobalSign_Root_CA_-_R3.crt)
2026-09-09 21:30:57 Result: file is owned by our current user ID (0), checking if it is readable
2026-09-09 21:30:57 Result: file /usr/share/ca-certificates/mozilla/GlobalSign_Root_CA_-_R3.crt is readable (or directory accessible).
2026-09-09 21:30:57 Result: file '/usr/share/ca-certificates/mozilla/GlobalSign_Root_CA_-_R3.crt' belongs to package (ca-certificates)
2026-09-09 21:30:57 Test: check if we can access /usr/share/ca-certificates/mozilla/GlobalSign_Root_CA_-_R6.crt (escaped: /usr/share/ca-certificates/mozilla/GlobalSign_Root_CA_-_R6.crt)
2026-09-09 21:30:57 Result: file is owned by our current user ID (0), checking if it is readable
2026-09-09 21:30:57 Result: file /usr/share/ca-certificates/mozilla/GlobalSign_Root_CA_-_R6.crt is readable (or directory accessible).
2026-09-09 21:30:57 Result: file '/usr/share/ca-certificates/mozilla/GlobalSign_Root_CA_-_R6.crt' belongs to package (ca-certificates)
2026-09-09 21:30:57 Test: check if we can access /usr/share/ca-certificates/mozilla/GlobalSign_Root_E46.crt (escaped: /usr/share/ca-certificates/mozilla/GlobalSign_Root_E46.crt)
2026-09-09 21:30:57 Result: file is owned by our current user ID (0), checking if it is readable
2026-09-09 21:30:57 Result: file /usr/share/ca-certificates/mozilla/GlobalSign_Root_E46.crt is readable (or directory accessible).
2026-09-09 21:30:57 Result: file '/usr/share/ca-certificates/mozilla/GlobalSign_Root_E46.crt' belongs to package (ca-certificates)
2026-09-09 21:30:57 Test: check if we can access /usr/share/ca-certificates/mozilla/GlobalSign_Root_R46.crt (escaped: /usr/share/ca-certificates/mozilla/GlobalSign_Root_R46.crt)
2026-09-09 21:30:57 Result: file is owned by our current user ID (0), checking if it is readable
2026-09-09 21:30:57 Result: file /usr/share/ca-certificates/mozilla/GlobalSign_Root_R46.crt is readable (or directory accessible).
2026-09-09 21:30:57 Result: file '/usr/share/ca-certificates/mozilla/GlobalSign_Root_R46.crt' belongs to package (ca-certificates)
2026-09-09 21:30:57 Test: check if we can access /usr/share/ca-certificates/mozilla/Go_Daddy_Root_Certificate_Authority_-_G2.crt (escaped: /usr/share/ca-certificates/mozilla/Go_Daddy_Root_Certificate_Authority_-_G2.crt)
2026-09-09 21:30:57 Result: file is owned by our current user ID (0), checking if it is readable
2026-09-09 21:30:57 Result: file /usr/share/ca-certificates/mozilla/Go_Daddy_Root_Certificate_Authority_-_G2.crt is readable (or directory accessible).
2026-09-09 21:30:58 Result: file '/usr/share/ca-certificates/mozilla/Go_Daddy_Root_Certificate_Authority_-_G2.crt' belongs to package (ca-certificates)
2026-09-09 21:30:58 Test: check if we can access /usr/share/ca-certificates/mozilla/HARICA_TLS_ECC_Root_CA_2021.crt (escaped: /usr/share/ca-certificates/mozilla/HARICA_TLS_ECC_Root_CA_2021.crt)
2026-09-09 21:30:58 Result: file is owned by our current user ID (0), checking if it is readable
2026-09-09 21:30:58 Result: file /usr/share/ca-certificates/mozilla/HARICA_TLS_ECC_Root_CA_2021.crt is readable (or directory accessible).
2026-09-09 21:30:58 Result: file '/usr/share/ca-certificates/mozilla/HARICA_TLS_ECC_Root_CA_2021.crt' belongs to package (ca-certificates)
2026-09-09 21:30:58 Test: check if we can access /usr/share/ca-certificates/mozilla/HARICA_TLS_RSA_Root_CA_2021.crt (escaped: /usr/share/ca-certificates/mozilla/HARICA_TLS_RSA_Root_CA_2021.crt)
2026-09-09 21:30:58 Result: file is owned by our current user ID (0), checking if it is readable
2026-09-09 21:30:58 Result: file /usr/share/ca-certificates/mozilla/HARICA_TLS_RSA_Root_CA_2021.crt is readable (or directory accessible).
2026-09-09 21:30:58 Result: file '/usr/share/ca-certificates/mozilla/HARICA_TLS_RSA_Root_CA_2021.crt' belongs to package (ca-certificates)
2026-09-09 21:30:58 Test: check if we can access /usr/share/ca-certificates/mozilla/Hellenic_Academic_and_Research_Institutions_ECC_RootCA_2015.crt (escaped: /usr/share/ca-certificates/mozilla/Hellenic_Academic_and_Research_Institutions_ECC_RootCA_2015.crt)
2026-09-09 21:30:58 Result: file is owned by our current user ID (0), checking if it is readable
2026-09-09 21:30:58 Result: file /usr/share/ca-certificates/mozilla/Hellenic_Academic_and_Research_Institutions_ECC_RootCA_2015.crt is readable (or directory accessible).
2026-09-09 21:30:58 Result: file '/usr/share/ca-certificates/mozilla/Hellenic_Academic_and_Research_Institutions_ECC_RootCA_2015.crt' belongs to package (ca-certificates)
2026-09-09 21:30:58 Test: check if we can access /usr/share/ca-certificates/mozilla/Hellenic_Academic_and_Research_Institutions_RootCA_2015.crt (escaped: /usr/share/ca-certificates/mozilla/Hellenic_Academic_and_Research_Institutions_RootCA_2015.crt)
2026-09-09 21:30:58 Result: file is owned by our current user ID (0), checking if it is readable
2026-09-09 21:30:58 Result: file /usr/share/ca-certificates/mozilla/Hellenic_Academic_and_Research_Institutions_RootCA_2015.crt is readable (or directory accessible).
2026-09-09 21:30:58 Result: file '/usr/share/ca-certificates/mozilla/Hellenic_Academic_and_Research_Institutions_RootCA_2015.crt' belongs to package (ca-certificates)
2026-09-09 21:30:58 Test: check if we can access /usr/share/ca-certificates/mozilla/HiPKI_Root_CA_-_G1.crt (escaped: /usr/share/ca-certificates/mozilla/HiPKI_Root_CA_-_G1.crt)
2026-09-09 21:30:58 Result: file is owned by our current user ID (0), checking if it is readable
2026-09-09 21:30:58 Result: file /usr/share/ca-certificates/mozilla/HiPKI_Root_CA_-_G1.crt is readable (or directory accessible).
2026-09-09 21:30:58 Result: file '/usr/share/ca-certificates/mozilla/HiPKI_Root_CA_-_G1.crt' belongs to package (ca-certificates)
2026-09-09 21:30:58 Test: check if we can access /usr/share/ca-certificates/mozilla/Hongkong_Post_Root_CA_3.crt (escaped: /usr/share/ca-certificates/mozilla/Hongkong_Post_Root_CA_3.crt)
2026-09-09 21:30:58 Result: file is owned by our current user ID (0), checking if it is readable
2026-09-09 21:30:58 Result: file /usr/share/ca-certificates/mozilla/Hongkong_Post_Root_CA_3.crt is readable (or directory accessible).
2026-09-09 21:30:58 Result: file '/usr/share/ca-certificates/mozilla/Hongkong_Post_Root_CA_3.crt' belongs to package (ca-certificates)
2026-09-09 21:30:58 Test: check if we can access /usr/share/ca-certificates/mozilla/ISRG_Root_X1.crt (escaped: /usr/share/ca-certificates/mozilla/ISRG_Root_X1.crt)
2026-09-09 21:30:58 Result: file is owned by our current user ID (0), checking if it is readable
2026-09-09 21:30:58 Result: file /usr/share/ca-certificates/mozilla/ISRG_Root_X1.crt is readable (or directory accessible).
2026-09-09 21:30:58 Result: file '/usr/share/ca-certificates/mozilla/ISRG_Root_X1.crt' belongs to package (ca-certificates)
2026-09-09 21:30:58 Test: check if we can access /usr/share/ca-certificates/mozilla/ISRG_Root_X2.crt (escaped: /usr/share/ca-certificates/mozilla/ISRG_Root_X2.crt)
2026-09-09 21:30:58 Result: file is owned by our current user ID (0), checking if it is readable
2026-09-09 21:30:58 Result: file /usr/share/ca-certificates/mozilla/ISRG_Root_X2.crt is readable (or directory accessible).
2026-09-09 21:30:58 Result: file '/usr/share/ca-certificates/mozilla/ISRG_Root_X2.crt' belongs to package (ca-certificates)
2026-09-09 21:30:58 Test: check if we can access /usr/share/ca-certificates/mozilla/IdenTrust_Commercial_Root_CA_1.crt (escaped: /usr/share/ca-certificates/mozilla/IdenTrust_Commercial_Root_CA_1.crt)
2026-09-09 21:30:58 Result: file is owned by our current user ID (0), checking if it is readable
2026-09-09 21:30:58 Result: file /usr/share/ca-certificates/mozilla/IdenTrust_Commercial_Root_CA_1.crt is readable (or directory accessible).
2026-09-09 21:30:58 Result: file '/usr/share/ca-certificates/mozilla/IdenTrust_Commercial_Root_CA_1.crt' belongs to package (ca-certificates)
2026-09-09 21:30:58 Test: check if we can access /usr/share/ca-certificates/mozilla/IdenTrust_Public_Sector_Root_CA_1.crt (escaped: /usr/share/ca-certificates/mozilla/IdenTrust_Public_Sector_Root_CA_1.crt)
2026-09-09 21:30:58 Result: file is owned by our current user ID (0), checking if it is readable
2026-09-09 21:30:58 Result: file /usr/share/ca-certificates/mozilla/IdenTrust_Public_Sector_Root_CA_1.crt is readable (or directory accessible).
2026-09-09 21:30:58 Result: file '/usr/share/ca-certificates/mozilla/IdenTrust_Public_Sector_Root_CA_1.crt' belongs to package (ca-certificates)
2026-09-09 21:30:58 Test: check if we can access /usr/share/ca-certificates/mozilla/Izenpe.com.crt (escaped: /usr/share/ca-certificates/mozilla/Izenpe.com.crt)
2026-09-09 21:30:58 Result: file is owned by our current user ID (0), checking if it is readable
2026-09-09 21:30:58 Result: file /usr/share/ca-certificates/mozilla/Izenpe.com.crt is readable (or directory accessible).
2026-09-09 21:30:58 Result: file '/usr/share/ca-certificates/mozilla/Izenpe.com.crt' belongs to package (ca-certificates)
2026-09-09 21:30:58 Test: check if we can access /usr/share/ca-certificates/mozilla/Microsec_e-Szigno_Root_CA_2009.crt (escaped: /usr/share/ca-certificates/mozilla/Microsec_e-Szigno_Root_CA_2009.crt)
2026-09-09 21:30:58 Result: file is owned by our current user ID (0), checking if it is readable
2026-09-09 21:30:58 Result: file /usr/share/ca-certificates/mozilla/Microsec_e-Szigno_Root_CA_2009.crt is readable (or directory accessible).
2026-09-09 21:30:58 Result: file '/usr/share/ca-certificates/mozilla/Microsec_e-Szigno_Root_CA_2009.crt' belongs to package (ca-certificates)
2026-09-09 21:30:58 Test: check if we can access /usr/share/ca-certificates/mozilla/Microsoft_ECC_Root_Certificate_Authority_2017.crt (escaped: /usr/share/ca-certificates/mozilla/Microsoft_ECC_Root_Certificate_Authority_2017.crt)
2026-09-09 21:30:58 Result: file is owned by our current user ID (0), checking if it is readable
2026-09-09 21:30:58 Result: file /usr/share/ca-certificates/mozilla/Microsoft_ECC_Root_Certificate_Authority_2017.crt is readable (or directory accessible).
2026-09-09 21:30:58 Result: file '/usr/share/ca-certificates/mozilla/Microsoft_ECC_Root_Certificate_Authority_2017.crt' belongs to package (ca-certificates)
2026-09-09 21:30:58 Test: check if we can access /usr/share/ca-certificates/mozilla/Microsoft_RSA_Root_Certificate_Authority_2017.crt (escaped: /usr/share/ca-certificates/mozilla/Microsoft_RSA_Root_Certificate_Authority_2017.crt)
2026-09-09 21:30:58 Result: file is owned by our current user ID (0), checking if it is readable
2026-09-09 21:30:58 Result: file /usr/share/ca-certificates/mozilla/Microsoft_RSA_Root_Certificate_Authority_2017.crt is readable (or directory accessible).
2026-09-09 21:30:58 Result: file '/usr/share/ca-certificates/mozilla/Microsoft_RSA_Root_Certificate_Authority_2017.crt' belongs to package (ca-certificates)
2026-09-09 21:30:58 Test: check if we can access /usr/share/ca-certificates/mozilla/NAVER_Global_Root_Certification_Authority.crt (escaped: /usr/share/ca-certificates/mozilla/NAVER_Global_Root_Certification_Authority.crt)
2026-09-09 21:30:58 Result: file is owned by our current user ID (0), checking if it is readable
2026-09-09 21:30:58 Result: file /usr/share/ca-certificates/mozilla/NAVER_Global_Root_Certification_Authority.crt is readable (or directory accessible).
2026-09-09 21:30:58 Result: file '/usr/share/ca-certificates/mozilla/NAVER_Global_Root_Certification_Authority.crt' belongs to package (ca-certificates)
2026-09-09 21:30:58 Test: check if we can access /usr/share/ca-certificates/mozilla/NetLock_Arany_=Class_Gold=_Főtanúsítvány.crt (escaped: /usr/share/ca-certificates/mozilla/NetLock_Arany_=Class_Gold=_Főtanúsítvány.crt)
2026-09-09 21:30:58 Result: file is owned by our current user ID (0), checking if it is readable
2026-09-09 21:30:58 Result: file /usr/share/ca-certificates/mozilla/NetLock_Arany_=Class_Gold=_Főtanúsítvány.crt is readable (or directory accessible).
2026-09-09 21:30:58 Result: file '/usr/share/ca-certificates/mozilla/NetLock_Arany_=Class_Gold=_Főtanúsítvány.crt' belongs to package (ca-certificates)
2026-09-09 21:30:58 Test: check if we can access /usr/share/ca-certificates/mozilla/OISTE_Server_Root_ECC_G1.crt (escaped: /usr/share/ca-certificates/mozilla/OISTE_Server_Root_ECC_G1.crt)
2026-09-09 21:30:58 Result: file is owned by our current user ID (0), checking if it is readable
2026-09-09 21:30:58 Result: file /usr/share/ca-certificates/mozilla/OISTE_Server_Root_ECC_G1.crt is readable (or directory accessible).
2026-09-09 21:30:58 Result: file '/usr/share/ca-certificates/mozilla/OISTE_Server_Root_ECC_G1.crt' belongs to package (ca-certificates)
2026-09-09 21:30:58 Test: check if we can access /usr/share/ca-certificates/mozilla/OISTE_Server_Root_RSA_G1.crt (escaped: /usr/share/ca-certificates/mozilla/OISTE_Server_Root_RSA_G1.crt)
2026-09-09 21:30:58 Result: file is owned by our current user ID (0), checking if it is readable
2026-09-09 21:30:58 Result: file /usr/share/ca-certificates/mozilla/OISTE_Server_Root_RSA_G1.crt is readable (or directory accessible).
2026-09-09 21:30:58 Result: file '/usr/share/ca-certificates/mozilla/OISTE_Server_Root_RSA_G1.crt' belongs to package (ca-certificates)
2026-09-09 21:30:58 Test: check if we can access /usr/share/ca-certificates/mozilla/OISTE_WISeKey_Global_Root_GB_CA.crt (escaped: /usr/share/ca-certificates/mozilla/OISTE_WISeKey_Global_Root_GB_CA.crt)
2026-09-09 21:30:58 Result: file is owned by our current user ID (0), checking if it is readable
2026-09-09 21:30:58 Result: file /usr/share/ca-certificates/mozilla/OISTE_WISeKey_Global_Root_GB_CA.crt is readable (or directory accessible).
2026-09-09 21:30:59 Result: file '/usr/share/ca-certificates/mozilla/OISTE_WISeKey_Global_Root_GB_CA.crt' belongs to package (ca-certificates)
2026-09-09 21:30:59 Test: check if we can access /usr/share/ca-certificates/mozilla/OISTE_WISeKey_Global_Root_GC_CA.crt (escaped: /usr/share/ca-certificates/mozilla/OISTE_WISeKey_Global_Root_GC_CA.crt)
2026-09-09 21:30:59 Result: file is owned by our current user ID (0), checking if it is readable
2026-09-09 21:30:59 Result: file /usr/share/ca-certificates/mozilla/OISTE_WISeKey_Global_Root_GC_CA.crt is readable (or directory accessible).
2026-09-09 21:30:59 Result: file '/usr/share/ca-certificates/mozilla/OISTE_WISeKey_Global_Root_GC_CA.crt' belongs to package (ca-certificates)
2026-09-09 21:30:59 Test: check if we can access /usr/share/ca-certificates/mozilla/QuoVadis_Root_CA_1_G3.crt (escaped: /usr/share/ca-certificates/mozilla/QuoVadis_Root_CA_1_G3.crt)
2026-09-09 21:30:59 Result: file is owned by our current user ID (0), checking if it is readable
2026-09-09 21:30:59 Result: file /usr/share/ca-certificates/mozilla/QuoVadis_Root_CA_1_G3.crt is readable (or directory accessible).
2026-09-09 21:30:59 Result: file '/usr/share/ca-certificates/mozilla/QuoVadis_Root_CA_1_G3.crt' belongs to package (ca-certificates)
2026-09-09 21:30:59 Test: check if we can access /usr/share/ca-certificates/mozilla/QuoVadis_Root_CA_2_G3.crt (escaped: /usr/share/ca-certificates/mozilla/QuoVadis_Root_CA_2_G3.crt)
2026-09-09 21:30:59 Result: file is owned by our current user ID (0), checking if it is readable
2026-09-09 21:30:59 Result: file /usr/share/ca-certificates/mozilla/QuoVadis_Root_CA_2_G3.crt is readable (or directory accessible).
2026-09-09 21:30:59 Result: file '/usr/share/ca-certificates/mozilla/QuoVadis_Root_CA_2_G3.crt' belongs to package (ca-certificates)
2026-09-09 21:30:59 Test: check if we can access /usr/share/ca-certificates/mozilla/QuoVadis_Root_CA_3_G3.crt (escaped: /usr/share/ca-certificates/mozilla/QuoVadis_Root_CA_3_G3.crt)
2026-09-09 21:30:59 Result: file is owned by our current user ID (0), checking if it is readable
2026-09-09 21:30:59 Result: file /usr/share/ca-certificates/mozilla/QuoVadis_Root_CA_3_G3.crt is readable (or directory accessible).
2026-09-09 21:30:59 Result: file '/usr/share/ca-certificates/mozilla/QuoVadis_Root_CA_3_G3.crt' belongs to package (ca-certificates)
2026-09-09 21:30:59 Test: check if we can access /usr/share/ca-certificates/mozilla/SSL.com_EV_Root_Certification_Authority_ECC.crt (escaped: /usr/share/ca-certificates/mozilla/SSL.com_EV_Root_Certification_Authority_ECC.crt)
2026-09-09 21:30:59 Result: file is owned by our current user ID (0), checking if it is readable
2026-09-09 21:30:59 Result: file /usr/share/ca-certificates/mozilla/SSL.com_EV_Root_Certification_Authority_ECC.crt is readable (or directory accessible).
2026-09-09 21:30:59 Result: file '/usr/share/ca-certificates/mozilla/SSL.com_EV_Root_Certification_Authority_ECC.crt' belongs to package (ca-certificates)
2026-09-09 21:30:59 Test: check if we can access /usr/share/ca-certificates/mozilla/SSL.com_EV_Root_Certification_Authority_RSA_R2.crt (escaped: /usr/share/ca-certificates/mozilla/SSL.com_EV_Root_Certification_Authority_RSA_R2.crt)
2026-09-09 21:30:59 Result: file is owned by our current user ID (0), checking if it is readable
2026-09-09 21:30:59 Result: file /usr/share/ca-certificates/mozilla/SSL.com_EV_Root_Certification_Authority_RSA_R2.crt is readable (or directory accessible).
2026-09-09 21:30:59 Result: file '/usr/share/ca-certificates/mozilla/SSL.com_EV_Root_Certification_Authority_RSA_R2.crt' belongs to package (ca-certificates)
2026-09-09 21:30:59 Test: check if we can access /usr/share/ca-certificates/mozilla/SSL.com_Root_Certification_Authority_ECC.crt (escaped: /usr/share/ca-certificates/mozilla/SSL.com_Root_Certification_Authority_ECC.crt)
2026-09-09 21:30:59 Result: file is owned by our current user ID (0), checking if it is readable
2026-09-09 21:30:59 Result: file /usr/share/ca-certificates/mozilla/SSL.com_Root_Certification_Authority_ECC.crt is readable (or directory accessible).
2026-09-09 21:30:59 Result: file '/usr/share/ca-certificates/mozilla/SSL.com_Root_Certification_Authority_ECC.crt' belongs to package (ca-certificates)
2026-09-09 21:30:59 Test: check if we can access /usr/share/ca-certificates/mozilla/SSL.com_Root_Certification_Authority_RSA.crt (escaped: /usr/share/ca-certificates/mozilla/SSL.com_Root_Certification_Authority_RSA.crt)
2026-09-09 21:30:59 Result: file is owned by our current user ID (0), checking if it is readable
2026-09-09 21:30:59 Result: file /usr/share/ca-certificates/mozilla/SSL.com_Root_Certification_Authority_RSA.crt is readable (or directory accessible).
2026-09-09 21:30:59 Result: file '/usr/share/ca-certificates/mozilla/SSL.com_Root_Certification_Authority_RSA.crt' belongs to package (ca-certificates)
2026-09-09 21:30:59 Test: check if we can access /usr/share/ca-certificates/mozilla/SSL.com_TLS_ECC_Root_CA_2022.crt (escaped: /usr/share/ca-certificates/mozilla/SSL.com_TLS_ECC_Root_CA_2022.crt)
2026-09-09 21:30:59 Result: file is owned by our current user ID (0), checking if it is readable
2026-09-09 21:30:59 Result: file /usr/share/ca-certificates/mozilla/SSL.com_TLS_ECC_Root_CA_2022.crt is readable (or directory accessible).
2026-09-09 21:30:59 Result: file '/usr/share/ca-certificates/mozilla/SSL.com_TLS_ECC_Root_CA_2022.crt' belongs to package (ca-certificates)
2026-09-09 21:30:59 Test: check if we can access /usr/share/ca-certificates/mozilla/SSL.com_TLS_RSA_Root_CA_2022.crt (escaped: /usr/share/ca-certificates/mozilla/SSL.com_TLS_RSA_Root_CA_2022.crt)
2026-09-09 21:30:59 Result: file is owned by our current user ID (0), checking if it is readable
2026-09-09 21:30:59 Result: file /usr/share/ca-certificates/mozilla/SSL.com_TLS_RSA_Root_CA_2022.crt is readable (or directory accessible).
2026-09-09 21:30:59 Result: file '/usr/share/ca-certificates/mozilla/SSL.com_TLS_RSA_Root_CA_2022.crt' belongs to package (ca-certificates)
2026-09-09 21:30:59 Test: check if we can access /usr/share/ca-certificates/mozilla/SZAFIR_ROOT_CA2.crt (escaped: /usr/share/ca-certificates/mozilla/SZAFIR_ROOT_CA2.crt)
2026-09-09 21:30:59 Result: file is owned by our current user ID (0), checking if it is readable
2026-09-09 21:30:59 Result: file /usr/share/ca-certificates/mozilla/SZAFIR_ROOT_CA2.crt is readable (or directory accessible).
2026-09-09 21:30:59 Result: file '/usr/share/ca-certificates/mozilla/SZAFIR_ROOT_CA2.crt' belongs to package (ca-certificates)
2026-09-09 21:30:59 Test: check if we can access /usr/share/ca-certificates/mozilla/Sectigo_Public_Server_Authentication_Root_E46.crt (escaped: /usr/share/ca-certificates/mozilla/Sectigo_Public_Server_Authentication_Root_E46.crt)
2026-09-09 21:30:59 Result: file is owned by our current user ID (0), checking if it is readable
2026-09-09 21:30:59 Result: file /usr/share/ca-certificates/mozilla/Sectigo_Public_Server_Authentication_Root_E46.crt is readable (or directory accessible).
2026-09-09 21:30:59 Result: file '/usr/share/ca-certificates/mozilla/Sectigo_Public_Server_Authentication_Root_E46.crt' belongs to package (ca-certificates)
2026-09-09 21:30:59 Test: check if we can access /usr/share/ca-certificates/mozilla/Sectigo_Public_Server_Authentication_Root_R46.crt (escaped: /usr/share/ca-certificates/mozilla/Sectigo_Public_Server_Authentication_Root_R46.crt)
2026-09-09 21:30:59 Result: file is owned by our current user ID (0), checking if it is readable
2026-09-09 21:30:59 Result: file /usr/share/ca-certificates/mozilla/Sectigo_Public_Server_Authentication_Root_R46.crt is readable (or directory accessible).
2026-09-09 21:30:59 Result: file '/usr/share/ca-certificates/mozilla/Sectigo_Public_Server_Authentication_Root_R46.crt' belongs to package (ca-certificates)
2026-09-09 21:30:59 Test: check if we can access /usr/share/ca-certificates/mozilla/SecureSign_Root_CA12.crt (escaped: /usr/share/ca-certificates/mozilla/SecureSign_Root_CA12.crt)
2026-09-09 21:30:59 Result: file is owned by our current user ID (0), checking if it is readable
2026-09-09 21:30:59 Result: file /usr/share/ca-certificates/mozilla/SecureSign_Root_CA12.crt is readable (or directory accessible).
2026-09-09 21:30:59 Result: file '/usr/share/ca-certificates/mozilla/SecureSign_Root_CA12.crt' belongs to package (ca-certificates)
2026-09-09 21:30:59 Test: check if we can access /usr/share/ca-certificates/mozilla/SecureSign_Root_CA14.crt (escaped: /usr/share/ca-certificates/mozilla/SecureSign_Root_CA14.crt)
2026-09-09 21:30:59 Result: file is owned by our current user ID (0), checking if it is readable
2026-09-09 21:30:59 Result: file /usr/share/ca-certificates/mozilla/SecureSign_Root_CA14.crt is readable (or directory accessible).
2026-09-09 21:30:59 Result: file '/usr/share/ca-certificates/mozilla/SecureSign_Root_CA14.crt' belongs to package (ca-certificates)
2026-09-09 21:30:59 Test: check if we can access /usr/share/ca-certificates/mozilla/SecureSign_Root_CA15.crt (escaped: /usr/share/ca-certificates/mozilla/SecureSign_Root_CA15.crt)
2026-09-09 21:30:59 Result: file is owned by our current user ID (0), checking if it is readable
2026-09-09 21:30:59 Result: file /usr/share/ca-certificates/mozilla/SecureSign_Root_CA15.crt is readable (or directory accessible).
2026-09-09 21:30:59 Result: file '/usr/share/ca-certificates/mozilla/SecureSign_Root_CA15.crt' belongs to package (ca-certificates)
2026-09-09 21:30:59 Test: check if we can access /usr/share/ca-certificates/mozilla/Security_Communication_ECC_RootCA1.crt (escaped: /usr/share/ca-certificates/mozilla/Security_Communication_ECC_RootCA1.crt)
2026-09-09 21:30:59 Result: file is owned by our current user ID (0), checking if it is readable
2026-09-09 21:30:59 Result: file /usr/share/ca-certificates/mozilla/Security_Communication_ECC_RootCA1.crt is readable (or directory accessible).
2026-09-09 21:30:59 Result: file '/usr/share/ca-certificates/mozilla/Security_Communication_ECC_RootCA1.crt' belongs to package (ca-certificates)
2026-09-09 21:30:59 Test: check if we can access /usr/share/ca-certificates/mozilla/Security_Communication_RootCA2.crt (escaped: /usr/share/ca-certificates/mozilla/Security_Communication_RootCA2.crt)
2026-09-09 21:30:59 Result: file is owned by our current user ID (0), checking if it is readable
2026-09-09 21:30:59 Result: file /usr/share/ca-certificates/mozilla/Security_Communication_RootCA2.crt is readable (or directory accessible).
2026-09-09 21:30:59 Result: file '/usr/share/ca-certificates/mozilla/Security_Communication_RootCA2.crt' belongs to package (ca-certificates)
2026-09-09 21:30:59 Test: check if we can access /usr/share/ca-certificates/mozilla/Starfield_Root_Certificate_Authority_-_G2.crt (escaped: /usr/share/ca-certificates/mozilla/Starfield_Root_Certificate_Authority_-_G2.crt)
2026-09-09 21:30:59 Result: file is owned by our current user ID (0), checking if it is readable
2026-09-09 21:30:59 Result: file /usr/share/ca-certificates/mozilla/Starfield_Root_Certificate_Authority_-_G2.crt is readable (or directory accessible).
2026-09-09 21:31:00 Result: file '/usr/share/ca-certificates/mozilla/Starfield_Root_Certificate_Authority_-_G2.crt' belongs to package (ca-certificates)
2026-09-09 21:31:00 Test: check if we can access /usr/share/ca-certificates/mozilla/Starfield_Services_Root_Certificate_Authority_-_G2.crt (escaped: /usr/share/ca-certificates/mozilla/Starfield_Services_Root_Certificate_Authority_-_G2.crt)
2026-09-09 21:31:00 Result: file is owned by our current user ID (0), checking if it is readable
2026-09-09 21:31:00 Result: file /usr/share/ca-certificates/mozilla/Starfield_Services_Root_Certificate_Authority_-_G2.crt is readable (or directory accessible).
2026-09-09 21:31:00 Result: file '/usr/share/ca-certificates/mozilla/Starfield_Services_Root_Certificate_Authority_-_G2.crt' belongs to package (ca-certificates)
2026-09-09 21:31:00 Test: check if we can access /usr/share/ca-certificates/mozilla/SwissSign_RSA_TLS_Root_CA_2022_-_1.crt (escaped: /usr/share/ca-certificates/mozilla/SwissSign_RSA_TLS_Root_CA_2022_-_1.crt)
2026-09-09 21:31:00 Result: file is owned by our current user ID (0), checking if it is readable
2026-09-09 21:31:00 Result: file /usr/share/ca-certificates/mozilla/SwissSign_RSA_TLS_Root_CA_2022_-_1.crt is readable (or directory accessible).
2026-09-09 21:31:00 Result: file '/usr/share/ca-certificates/mozilla/SwissSign_RSA_TLS_Root_CA_2022_-_1.crt' belongs to package (ca-certificates)
2026-09-09 21:31:00 Test: check if we can access /usr/share/ca-certificates/mozilla/T-TeleSec_GlobalRoot_Class_2.crt (escaped: /usr/share/ca-certificates/mozilla/T-TeleSec_GlobalRoot_Class_2.crt)
2026-09-09 21:31:00 Result: file is owned by our current user ID (0), checking if it is readable
2026-09-09 21:31:00 Result: file /usr/share/ca-certificates/mozilla/T-TeleSec_GlobalRoot_Class_2.crt is readable (or directory accessible).
2026-09-09 21:31:00 Result: file '/usr/share/ca-certificates/mozilla/T-TeleSec_GlobalRoot_Class_2.crt' belongs to package (ca-certificates)
2026-09-09 21:31:00 Test: check if we can access /usr/share/ca-certificates/mozilla/T-TeleSec_GlobalRoot_Class_3.crt (escaped: /usr/share/ca-certificates/mozilla/T-TeleSec_GlobalRoot_Class_3.crt)
2026-09-09 21:31:00 Result: file is owned by our current user ID (0), checking if it is readable
2026-09-09 21:31:00 Result: file /usr/share/ca-certificates/mozilla/T-TeleSec_GlobalRoot_Class_3.crt is readable (or directory accessible).
2026-09-09 21:31:00 Result: file '/usr/share/ca-certificates/mozilla/T-TeleSec_GlobalRoot_Class_3.crt' belongs to package (ca-certificates)
2026-09-09 21:31:00 Test: check if we can access /usr/share/ca-certificates/mozilla/TUBITAK_Kamu_SM_SSL_Kok_Sertifikasi_-_Surum_1.crt (escaped: /usr/share/ca-certificates/mozilla/TUBITAK_Kamu_SM_SSL_Kok_Sertifikasi_-_Surum_1.crt)
2026-09-09 21:31:00 Result: file is owned by our current user ID (0), checking if it is readable
2026-09-09 21:31:00 Result: file /usr/share/ca-certificates/mozilla/TUBITAK_Kamu_SM_SSL_Kok_Sertifikasi_-_Surum_1.crt is readable (or directory accessible).
2026-09-09 21:31:00 Result: file '/usr/share/ca-certificates/mozilla/TUBITAK_Kamu_SM_SSL_Kok_Sertifikasi_-_Surum_1.crt' belongs to package (ca-certificates)
2026-09-09 21:31:00 Test: check if we can access /usr/share/ca-certificates/mozilla/TWCA_CYBER_Root_CA.crt (escaped: /usr/share/ca-certificates/mozilla/TWCA_CYBER_Root_CA.crt)
2026-09-09 21:31:00 Result: file is owned by our current user ID (0), checking if it is readable
2026-09-09 21:31:00 Result: file /usr/share/ca-certificates/mozilla/TWCA_CYBER_Root_CA.crt is readable (or directory accessible).
2026-09-09 21:31:00 Result: file '/usr/share/ca-certificates/mozilla/TWCA_CYBER_Root_CA.crt' belongs to package (ca-certificates)
2026-09-09 21:31:00 Test: check if we can access /usr/share/ca-certificates/mozilla/TWCA_Global_Root_CA.crt (escaped: /usr/share/ca-certificates/mozilla/TWCA_Global_Root_CA.crt)
2026-09-09 21:31:00 Result: file is owned by our current user ID (0), checking if it is readable
2026-09-09 21:31:00 Result: file /usr/share/ca-certificates/mozilla/TWCA_Global_Root_CA.crt is readable (or directory accessible).
2026-09-09 21:31:00 Result: file '/usr/share/ca-certificates/mozilla/TWCA_Global_Root_CA.crt' belongs to package (ca-certificates)
2026-09-09 21:31:00 Test: check if we can access /usr/share/ca-certificates/mozilla/TWCA_Root_Certification_Authority.crt (escaped: /usr/share/ca-certificates/mozilla/TWCA_Root_Certification_Authority.crt)
2026-09-09 21:31:00 Result: file is owned by our current user ID (0), checking if it is readable
2026-09-09 21:31:00 Result: file /usr/share/ca-certificates/mozilla/TWCA_Root_Certification_Authority.crt is readable (or directory accessible).
2026-09-09 21:31:00 Result: file '/usr/share/ca-certificates/mozilla/TWCA_Root_Certification_Authority.crt' belongs to package (ca-certificates)
2026-09-09 21:31:00 Test: check if we can access /usr/share/ca-certificates/mozilla/Telekom_Security_TLS_ECC_Root_2020.crt (escaped: /usr/share/ca-certificates/mozilla/Telekom_Security_TLS_ECC_Root_2020.crt)
2026-09-09 21:31:00 Result: file is owned by our current user ID (0), checking if it is readable
2026-09-09 21:31:00 Result: file /usr/share/ca-certificates/mozilla/Telekom_Security_TLS_ECC_Root_2020.crt is readable (or directory accessible).
2026-09-09 21:31:00 Result: file '/usr/share/ca-certificates/mozilla/Telekom_Security_TLS_ECC_Root_2020.crt' belongs to package (ca-certificates)
2026-09-09 21:31:00 Test: check if we can access /usr/share/ca-certificates/mozilla/Telekom_Security_TLS_RSA_Root_2023.crt (escaped: /usr/share/ca-certificates/mozilla/Telekom_Security_TLS_RSA_Root_2023.crt)
2026-09-09 21:31:00 Result: file is owned by our current user ID (0), checking if it is readable
2026-09-09 21:31:00 Result: file /usr/share/ca-certificates/mozilla/Telekom_Security_TLS_RSA_Root_2023.crt is readable (or directory accessible).
2026-09-09 21:31:00 Result: file '/usr/share/ca-certificates/mozilla/Telekom_Security_TLS_RSA_Root_2023.crt' belongs to package (ca-certificates)
2026-09-09 21:31:00 Test: check if we can access /usr/share/ca-certificates/mozilla/Telia_Root_CA_v2.crt (escaped: /usr/share/ca-certificates/mozilla/Telia_Root_CA_v2.crt)
2026-09-09 21:31:00 Result: file is owned by our current user ID (0), checking if it is readable
2026-09-09 21:31:00 Result: file /usr/share/ca-certificates/mozilla/Telia_Root_CA_v2.crt is readable (or directory accessible).
2026-09-09 21:31:00 Result: file '/usr/share/ca-certificates/mozilla/Telia_Root_CA_v2.crt' belongs to package (ca-certificates)
2026-09-09 21:31:00 Test: check if we can access /usr/share/ca-certificates/mozilla/TrustAsia_Global_Root_CA_G3.crt (escaped: /usr/share/ca-certificates/mozilla/TrustAsia_Global_Root_CA_G3.crt)
2026-09-09 21:31:00 Result: file is owned by our current user ID (0), checking if it is readable
2026-09-09 21:31:00 Result: file /usr/share/ca-certificates/mozilla/TrustAsia_Global_Root_CA_G3.crt is readable (or directory accessible).
2026-09-09 21:31:00 Result: file '/usr/share/ca-certificates/mozilla/TrustAsia_Global_Root_CA_G3.crt' belongs to package (ca-certificates)
2026-09-09 21:31:00 Test: check if we can access /usr/share/ca-certificates/mozilla/TrustAsia_Global_Root_CA_G4.crt (escaped: /usr/share/ca-certificates/mozilla/TrustAsia_Global_Root_CA_G4.crt)
2026-09-09 21:31:00 Result: file is owned by our current user ID (0), checking if it is readable
2026-09-09 21:31:00 Result: file /usr/share/ca-certificates/mozilla/TrustAsia_Global_Root_CA_G4.crt is readable (or directory accessible).
2026-09-09 21:31:00 Result: file '/usr/share/ca-certificates/mozilla/TrustAsia_Global_Root_CA_G4.crt' belongs to package (ca-certificates)
2026-09-09 21:31:00 Test: check if we can access /usr/share/ca-certificates/mozilla/TrustAsia_TLS_ECC_Root_CA.crt (escaped: /usr/share/ca-certificates/mozilla/TrustAsia_TLS_ECC_Root_CA.crt)
2026-09-09 21:31:00 Result: file is owned by our current user ID (0), checking if it is readable
2026-09-09 21:31:00 Result: file /usr/share/ca-certificates/mozilla/TrustAsia_TLS_ECC_Root_CA.crt is readable (or directory accessible).
2026-09-09 21:31:00 Result: file '/usr/share/ca-certificates/mozilla/TrustAsia_TLS_ECC_Root_CA.crt' belongs to package (ca-certificates)
2026-09-09 21:31:00 Test: check if we can access /usr/share/ca-certificates/mozilla/TrustAsia_TLS_RSA_Root_CA.crt (escaped: /usr/share/ca-certificates/mozilla/TrustAsia_TLS_RSA_Root_CA.crt)
2026-09-09 21:31:00 Result: file is owned by our current user ID (0), checking if it is readable
2026-09-09 21:31:00 Result: file /usr/share/ca-certificates/mozilla/TrustAsia_TLS_RSA_Root_CA.crt is readable (or directory accessible).
2026-09-09 21:31:00 Result: file '/usr/share/ca-certificates/mozilla/TrustAsia_TLS_RSA_Root_CA.crt' belongs to package (ca-certificates)
2026-09-09 21:31:00 Test: check if we can access /usr/share/ca-certificates/mozilla/TunTrust_Root_CA.crt (escaped: /usr/share/ca-certificates/mozilla/TunTrust_Root_CA.crt)
2026-09-09 21:31:00 Result: file is owned by our current user ID (0), checking if it is readable
2026-09-09 21:31:00 Result: file /usr/share/ca-certificates/mozilla/TunTrust_Root_CA.crt is readable (or directory accessible).
2026-09-09 21:31:00 Result: file '/usr/share/ca-certificates/mozilla/TunTrust_Root_CA.crt' belongs to package (ca-certificates)
2026-09-09 21:31:00 Test: check if we can access /usr/share/ca-certificates/mozilla/UCA_Extended_Validation_Root.crt (escaped: /usr/share/ca-certificates/mozilla/UCA_Extended_Validation_Root.crt)
2026-09-09 21:31:00 Result: file is owned by our current user ID (0), checking if it is readable
2026-09-09 21:31:00 Result: file /usr/share/ca-certificates/mozilla/UCA_Extended_Validation_Root.crt is readable (or directory accessible).
2026-09-09 21:31:00 Result: file '/usr/share/ca-certificates/mozilla/UCA_Extended_Validation_Root.crt' belongs to package (ca-certificates)
2026-09-09 21:31:00 Test: check if we can access /usr/share/ca-certificates/mozilla/UCA_Global_G2_Root.crt (escaped: /usr/share/ca-certificates/mozilla/UCA_Global_G2_Root.crt)
2026-09-09 21:31:00 Result: file is owned by our current user ID (0), checking if it is readable
2026-09-09 21:31:00 Result: file /usr/share/ca-certificates/mozilla/UCA_Global_G2_Root.crt is readable (or directory accessible).
2026-09-09 21:31:00 Result: file '/usr/share/ca-certificates/mozilla/UCA_Global_G2_Root.crt' belongs to package (ca-certificates)
2026-09-09 21:31:00 Test: check if we can access /usr/share/ca-certificates/mozilla/USERTrust_ECC_Certification_Authority.crt (escaped: /usr/share/ca-certificates/mozilla/USERTrust_ECC_Certification_Authority.crt)
2026-09-09 21:31:01 Result: file is owned by our current user ID (0), checking if it is readable
2026-09-09 21:31:01 Result: file /usr/share/ca-certificates/mozilla/USERTrust_ECC_Certification_Authority.crt is readable (or directory accessible).
2026-09-09 21:31:01 Result: file '/usr/share/ca-certificates/mozilla/USERTrust_ECC_Certification_Authority.crt' belongs to package (ca-certificates)
2026-09-09 21:31:01 Test: check if we can access /usr/share/ca-certificates/mozilla/USERTrust_RSA_Certification_Authority.crt (escaped: /usr/share/ca-certificates/mozilla/USERTrust_RSA_Certification_Authority.crt)
2026-09-09 21:31:01 Result: file is owned by our current user ID (0), checking if it is readable
2026-09-09 21:31:01 Result: file /usr/share/ca-certificates/mozilla/USERTrust_RSA_Certification_Authority.crt is readable (or directory accessible).
2026-09-09 21:31:01 Result: file '/usr/share/ca-certificates/mozilla/USERTrust_RSA_Certification_Authority.crt' belongs to package (ca-certificates)
2026-09-09 21:31:01 Test: check if we can access /usr/share/ca-certificates/mozilla/certSIGN_Root_CA_G2.crt (escaped: /usr/share/ca-certificates/mozilla/certSIGN_Root_CA_G2.crt)
2026-09-09 21:31:01 Result: file is owned by our current user ID (0), checking if it is readable
2026-09-09 21:31:01 Result: file /usr/share/ca-certificates/mozilla/certSIGN_Root_CA_G2.crt is readable (or directory accessible).
2026-09-09 21:31:01 Result: file '/usr/share/ca-certificates/mozilla/certSIGN_Root_CA_G2.crt' belongs to package (ca-certificates)
2026-09-09 21:31:01 Test: check if we can access /usr/share/ca-certificates/mozilla/e-Szigno_Root_CA_2017.crt (escaped: /usr/share/ca-certificates/mozilla/e-Szigno_Root_CA_2017.crt)
2026-09-09 21:31:01 Result: file is owned by our current user ID (0), checking if it is readable
2026-09-09 21:31:01 Result: file /usr/share/ca-certificates/mozilla/e-Szigno_Root_CA_2017.crt is readable (or directory accessible).
2026-09-09 21:31:01 Result: file '/usr/share/ca-certificates/mozilla/e-Szigno_Root_CA_2017.crt' belongs to package (ca-certificates)
2026-09-09 21:31:01 Test: check if we can access /usr/share/ca-certificates/mozilla/e-Szigno_TLS_Root_CA_2023.crt (escaped: /usr/share/ca-certificates/mozilla/e-Szigno_TLS_Root_CA_2023.crt)
2026-09-09 21:31:01 Result: file is owned by our current user ID (0), checking if it is readable
2026-09-09 21:31:01 Result: file /usr/share/ca-certificates/mozilla/e-Szigno_TLS_Root_CA_2023.crt is readable (or directory accessible).
2026-09-09 21:31:01 Result: file '/usr/share/ca-certificates/mozilla/e-Szigno_TLS_Root_CA_2023.crt' belongs to package (ca-certificates)
2026-09-09 21:31:01 Test: check if we can access /usr/share/ca-certificates/mozilla/ePKI_Root_Certification_Authority.crt (escaped: /usr/share/ca-certificates/mozilla/ePKI_Root_Certification_Authority.crt)
2026-09-09 21:31:01 Result: file is owned by our current user ID (0), checking if it is readable
2026-09-09 21:31:01 Result: file /usr/share/ca-certificates/mozilla/ePKI_Root_Certification_Authority.crt is readable (or directory accessible).
2026-09-09 21:31:01 Result: file '/usr/share/ca-certificates/mozilla/ePKI_Root_Certification_Authority.crt' belongs to package (ca-certificates)
2026-09-09 21:31:01 Test: check if we can access /usr/share/ca-certificates/mozilla/emSign_ECC_Root_CA_-_C3.crt (escaped: /usr/share/ca-certificates/mozilla/emSign_ECC_Root_CA_-_C3.crt)
2026-09-09 21:31:01 Result: file is owned by our current user ID (0), checking if it is readable
2026-09-09 21:31:01 Result: file /usr/share/ca-certificates/mozilla/emSign_ECC_Root_CA_-_C3.crt is readable (or directory accessible).
2026-09-09 21:31:01 Result: file '/usr/share/ca-certificates/mozilla/emSign_ECC_Root_CA_-_C3.crt' belongs to package (ca-certificates)
2026-09-09 21:31:01 Test: check if we can access /usr/share/ca-certificates/mozilla/emSign_ECC_Root_CA_-_G3.crt (escaped: /usr/share/ca-certificates/mozilla/emSign_ECC_Root_CA_-_G3.crt)
2026-09-09 21:31:01 Result: file is owned by our current user ID (0), checking if it is readable
2026-09-09 21:31:01 Result: file /usr/share/ca-certificates/mozilla/emSign_ECC_Root_CA_-_G3.crt is readable (or directory accessible).
2026-09-09 21:31:01 Result: file '/usr/share/ca-certificates/mozilla/emSign_ECC_Root_CA_-_G3.crt' belongs to package (ca-certificates)
2026-09-09 21:31:01 Test: check if we can access /usr/share/ca-certificates/mozilla/emSign_Root_CA_-_C1.crt (escaped: /usr/share/ca-certificates/mozilla/emSign_Root_CA_-_C1.crt)
2026-09-09 21:31:01 Result: file is owned by our current user ID (0), checking if it is readable
2026-09-09 21:31:01 Result: file /usr/share/ca-certificates/mozilla/emSign_Root_CA_-_C1.crt is readable (or directory accessible).
2026-09-09 21:31:01 Result: file '/usr/share/ca-certificates/mozilla/emSign_Root_CA_-_C1.crt' belongs to package (ca-certificates)
2026-09-09 21:31:01 Test: check if we can access /usr/share/ca-certificates/mozilla/emSign_Root_CA_-_G1.crt (escaped: /usr/share/ca-certificates/mozilla/emSign_Root_CA_-_G1.crt)
2026-09-09 21:31:01 Result: file is owned by our current user ID (0), checking if it is readable
2026-09-09 21:31:01 Result: file /usr/share/ca-certificates/mozilla/emSign_Root_CA_-_G1.crt is readable (or directory accessible).
2026-09-09 21:31:01 Result: file '/usr/share/ca-certificates/mozilla/emSign_Root_CA_-_G1.crt' belongs to package (ca-certificates)
2026-09-09 21:31:01 Test: check if we can access /usr/share/ca-certificates/mozilla/vTrus_ECC_Root_CA.crt (escaped: /usr/share/ca-certificates/mozilla/vTrus_ECC_Root_CA.crt)
2026-09-09 21:31:01 Result: file is owned by our current user ID (0), checking if it is readable
2026-09-09 21:31:01 Result: file /usr/share/ca-certificates/mozilla/vTrus_ECC_Root_CA.crt is readable (or directory accessible).
2026-09-09 21:31:01 Result: file '/usr/share/ca-certificates/mozilla/vTrus_ECC_Root_CA.crt' belongs to package (ca-certificates)
2026-09-09 21:31:01 Test: check if we can access /usr/share/ca-certificates/mozilla/vTrus_Root_CA.crt (escaped: /usr/share/ca-certificates/mozilla/vTrus_Root_CA.crt)
2026-09-09 21:31:01 Result: file is owned by our current user ID (0), checking if it is readable
2026-09-09 21:31:01 Result: file /usr/share/ca-certificates/mozilla/vTrus_Root_CA.crt is readable (or directory accessible).
2026-09-09 21:31:01 Result: file '/usr/share/ca-certificates/mozilla/vTrus_Root_CA.crt' belongs to package (ca-certificates)
2026-09-09 21:31:01 Result: found 121 certificates in /usr/share/ca-certificates
2026-09-09 21:31:01 Result: SSL path /usr/share/gnupg does not exist
2026-09-09 21:31:01 Result: SSL path /var/www does not exist
2026-09-09 21:31:01 Result: SSL path /srv/www does not exist
2026-09-09 21:31:01 Result: found a total of 122 certificates
2026-09-09 21:31:01 ====
2026-09-09 21:31:01 Performing test ID CRYP-7930 (Determine if system uses LUKS block device encryption)
2026-09-09 21:31:01 ====
2026-09-09 21:31:01 Skipped test CRYP-7931 (Determine if system uses encrypted swap)
2026-09-09 21:31:01 Reason to skip: Prerequisites not met (ie missing tool, other type of Linux distribution)
2026-09-09 21:31:01 ====
2026-09-09 21:31:01 Skipped test CRYP-7932 (Determine if system has enabled macOS FileVault encryption)
2026-09-09 21:31:01 Reason to skip: Incorrect guest OS (macOS only)
2026-09-09 21:31:01 ====
2026-09-09 21:31:01 Performing test ID CRYP-8002 (Gather available kernel entropy)
2026-09-09 21:31:01 ====
2026-09-09 21:31:01 Performing test ID CRYP-8004 (Presence of hardware random number generators)
2026-09-09 21:31:01 Test: looking for /rootfssys/class/misc/hw_random/rng_current
2026-09-09 21:31:01 Result: could not find /rootfssys/class/misc/hw_random/rng_current
2026-09-09 21:31:01 ====
2026-09-09 21:31:01 Performing test ID CRYP-8005 (Presence of software pseudo random number generators)
2026-09-09 21:31:01 Test: looking for software pseudo random number generators
2026-09-09 21:31:01 Performing pgrep scan without uid
2026-09-09 21:31:01 IsRunning: process 'audio-entropyd' not found
2026-09-09 21:31:01 Performing pgrep scan without uid
2026-09-09 21:31:01 IsRunning: process 'haveged' not found
2026-09-09 21:31:01 Performing pgrep scan without uid
2026-09-09 21:31:01 IsRunning: process 'jitterentropy-rngd' not found
2026-09-09 21:31:01 ====
2026-09-09 21:31:01 Performing test ID CRYP-8006 (MemoryOverwriteRequest-bit set)
2026-09-09 21:31:01 Test: looking for /rootfssys/firmware/efi/efivars/MemoryOverwriteRequestControl-e20939be-32d4-41be-a150-897f85d49829
2026-09-09 21:31:01 Result: could not find /rootfssys/firmware/efi/efivars/MemoryOverwriteRequestControl-e20939be-32d4-41be-a150-897f85d49829
2026-09-09 21:31:01 Security check: file is normal
2026-09-09 21:31:01 Checking permissions of /root/lynis/include/tests_virtualization
2026-09-09 21:31:02 File permissions are OK
2026-09-09 21:31:02 ====
2026-09-09 21:31:02 Action: Performing tests from category: Virtualization
2026-09-09 21:31:02 Security check: file is normal
2026-09-09 21:31:02 Checking permissions of /root/lynis/include/tests_containers
2026-09-09 21:31:02 File permissions are OK
2026-09-09 21:31:02 ====
2026-09-09 21:31:02 Action: Performing tests from category: Containers
2026-09-09 21:31:02 ====
2026-09-09 21:31:02 Skipped test CONT-8004 (Query running Solaris zones)
2026-09-09 21:31:02 Reason to skip: Incorrect guest OS (Solaris only)
2026-09-09 21:31:02 ====
2026-09-09 21:31:02 Performing test ID CONT-8102 (Checking Docker status and information)
2026-09-09 21:31:02 Performing pgrep scan without uid
2026-09-09 21:31:02 IsRunning: process 'dockerd' found (145 )
2026-09-09 21:31:02 Result: found Docker daemon running
2026-09-09 21:31:02 ====
2026-09-09 21:31:02 Skipped test CONT-8104 (Checking Docker info for any warnings)
2026-09-09 21:31:02 Reason to skip: Prerequisites not met (ie missing tool, other type of Linux distribution)
2026-09-09 21:31:02 ====
2026-09-09 21:31:02 Skipped test CONT-8106 (Gather basic stats from Docker)
2026-09-09 21:31:02 Reason to skip: Prerequisites not met (ie missing tool, other type of Linux distribution)
2026-09-09 21:31:02 ====
2026-09-09 21:31:02 Skipped test CONT-8107 (Check number of Docker containers)
2026-09-09 21:31:02 Reason to skip: Prerequisites not met (ie missing tool, other type of Linux distribution)
2026-09-09 21:31:02 ====
2026-09-09 21:31:02 Skipped test CONT-8108 (Check file permissions for Docker files)
2026-09-09 21:31:02 Reason to skip: Prerequisites not met (ie missing tool, other type of Linux distribution)
2026-09-09 21:31:02 Security check: file is normal
2026-09-09 21:31:02 Checking permissions of /root/lynis/include/tests_mac_frameworks
2026-09-09 21:31:02 File permissions are OK
2026-09-09 21:31:02 ====
2026-09-09 21:31:02 Action: Performing tests from category: Security frameworks
2026-09-09 21:31:02 ====
2026-09-09 21:31:02 Performing test ID MACF-6204 (Check AppArmor presence)
2026-09-09 21:31:02 Result: aa-status binary not found, AppArmor not installed
2026-09-09 21:31:02 ====
2026-09-09 21:31:02 Skipped test MACF-6208 (Check if AppArmor is enabled)
2026-09-09 21:31:02 Reason to skip: Prerequisites not met (ie missing tool, other type of Linux distribution)
2026-09-09 21:31:02 ====
2026-09-09 21:31:02 Performing test ID MACF-6232 (Check SELINUX presence)
2026-09-09 21:31:02 Test: checking if we have sestatus binary
2026-09-09 21:31:02 Result: sestatus binary NOT found
2026-09-09 21:31:02 ====
2026-09-09 21:31:02 Skipped test MACF-6234 (Check SELINUX status)
2026-09-09 21:31:02 Reason to skip: Prerequisites not met (ie missing tool, other type of Linux distribution)
2026-09-09 21:31:02 ====
2026-09-09 21:31:02 Performing test ID MACF-6240 (Check TOMOYO Linux presence)
2026-09-09 21:31:02 Test: checking if we have tomoyo-init binary
2026-09-09 21:31:02 Result: tomoyo-init binary not found
2026-09-09 21:31:02 ====
2026-09-09 21:31:02 Skipped test MACF-6242 (Check TOMOYO Linux status)
2026-09-09 21:31:02 Reason to skip: Prerequisites not met (ie missing tool, other type of Linux distribution)
2026-09-09 21:31:02 ====
2026-09-09 21:31:02 Performing test ID RBAC-6272 (Check grsecurity presence)
2026-09-09 21:31:02 Result: no grsecurity found in kernel config
2026-09-09 21:31:02 ====
2026-09-09 21:31:02 Performing test ID MACF-6290 (Check for implemented MAC framework)
2026-09-09 21:31:02 Hardening: assigned partial number of hardening points (2 of 3). Currently having 59 points (out of 100)
2026-09-09 21:31:02 Result: found no implemented MAC framework
2026-09-09 21:31:02 Security check: file is normal
2026-09-09 21:31:02 Checking permissions of /root/lynis/include/tests_file_integrity
2026-09-09 21:31:02 File permissions are OK
2026-09-09 21:31:02 ====
2026-09-09 21:31:02 Action: Performing tests from category: Software: file integrity
2026-09-09 21:31:02 ====
2026-09-09 21:31:02 Performing test ID FINT-4310 (AFICK availability)
2026-09-09 21:31:02 Test: Checking AFICK binary
2026-09-09 21:31:02 Result: AFICK is not installed
2026-09-09 21:31:02 ====
2026-09-09 21:31:02 Performing test ID FINT-4314 (AIDE availability)
2026-09-09 21:31:02 Test: Checking AIDE binary
2026-09-09 21:31:02 Result: AIDE is not installed
2026-09-09 21:31:02 ====
2026-09-09 21:31:02 Skipped test FINT-4315 (Check AIDE configuration file)
2026-09-09 21:31:02 Reason to skip: Prerequisites not met (ie missing tool, other type of Linux distribution)
2026-09-09 21:31:02 ====
2026-09-09 21:31:02 Skipped test FINT-4316 (Presence of AIDE database and size check)
2026-09-09 21:31:02 Reason to skip: Prerequisites not met (ie missing tool, other type of Linux distribution)
2026-09-09 21:31:02 ====
2026-09-09 21:31:03 Performing test ID FINT-4318 (Osiris availability)
2026-09-09 21:31:03 Test: Checking Osiris binary
2026-09-09 21:31:03 Result: Osiris is not installed
2026-09-09 21:31:03 ====
2026-09-09 21:31:03 Performing test ID FINT-4322 (Samhain availability)
2026-09-09 21:31:03 Test: Checking Samhain binary
2026-09-09 21:31:03 Result: Samhain is not installed
2026-09-09 21:31:03 ====
2026-09-09 21:31:03 Performing test ID FINT-4326 (Tripwire availability)
2026-09-09 21:31:03 Test: Checking Tripwire binary
2026-09-09 21:31:03 Result: Tripwire is not installed
2026-09-09 21:31:03 ====
2026-09-09 21:31:03 Performing test ID FINT-4328 (OSSEC syscheck daemon running)
2026-09-09 21:31:03 Test: Checking if OSSEC syscheck daemon is running
2026-09-09 21:31:03 Performing pgrep scan without uid
2026-09-09 21:31:03 IsRunning: process 'ossec-syscheckd' not found
2026-09-09 21:31:03 Result: syscheck (OSSEC) is not active
2026-09-09 21:31:03 ====
2026-09-09 21:31:03 Performing test ID FINT-4330 (mtree availability)
2026-09-09 21:31:03 Test: Checking mtree binary
2026-09-09 21:31:03 Result: mtree is not installed
2026-09-09 21:31:03 ====
2026-09-09 21:31:03 Skipped test FINT-4334 (Check lfd daemon status)
2026-09-09 21:31:03 Reason to skip: Prerequisites not met (ie missing tool, other type of Linux distribution)
2026-09-09 21:31:03 ====
2026-09-09 21:31:03 Skipped test FINT-4336 (Check lfd configuration status)
2026-09-09 21:31:03 Reason to skip: Prerequisites not met (ie missing tool, other type of Linux distribution)
2026-09-09 21:31:03 ====
2026-09-09 21:31:03 Performing test ID FINT-4338 (osqueryd syscheck daemon running)
2026-09-09 21:31:03 Test: Checking if osqueryd syscheck daemon is running
2026-09-09 21:31:03 Performing pgrep scan without uid
2026-09-09 21:31:03 IsRunning: process 'osqueryd' not found
2026-09-09 21:31:03 Result: syscheck (osquery) not installed
2026-09-09 21:31:03 ====
2026-09-09 21:31:03 Skipped test FINT-4339 (Check IMA/EVM status)
2026-09-09 21:31:03 Reason to skip: No evmctl binary found
2026-09-09 21:31:03 ====
2026-09-09 21:31:03 Skipped test FINT-4340 (Check dm-integrity status)
2026-09-09 21:31:03 Reason to skip: No integritysetup binary found
2026-09-09 21:31:03 ====
2026-09-09 21:31:03 Skipped test FINT-4341 (Check dm-verity status)
2026-09-09 21:31:03 Reason to skip: No veritysetup binary found
2026-09-09 21:31:03 ====
2026-09-09 21:31:03 Performing test ID FINT-4344 (Wazuh syscheck daemon running)
2026-09-09 21:31:03 Test: Checking if Wazuh syscheck daemon is running
2026-09-09 21:31:03 Performing pgrep scan without uid
2026-09-09 21:31:03 IsRunning: process 'wazuh-syscheckd' not found
2026-09-09 21:31:03 Result: syscheck (Wazuh) is not active
2026-09-09 21:31:03 ====
2026-09-09 21:31:03 Skipped test FINT-4402 (AIDE configuration: Checksums (SHA256 or SHA512))
2026-09-09 21:31:03 Reason to skip: Prerequisites not met (ie missing tool, other type of Linux distribution)
2026-09-09 21:31:03 ====
2026-09-09 21:31:03 Performing test ID FINT-4350 (File integrity software installed)
2026-09-09 21:31:03 Test: Check if at least on file integrity tool is available/installed
2026-09-09 21:31:03 Result: No file integrity tools found
2026-09-09 21:31:03 Suggestion: Install a file integrity tool to monitor changes to critical and sensitive files [test:FINT-4350] [details:-] [solution:-]
2026-09-09 21:31:03 Hardening: assigned partial number of hardening points (0 of 5). Currently having 59 points (out of 105)
2026-09-09 21:31:03 Security check: file is normal
2026-09-09 21:31:03 Checking permissions of /root/lynis/include/tests_tooling
2026-09-09 21:31:03 File permissions are OK
2026-09-09 21:31:03 ====
2026-09-09 21:31:03 Action: Performing tests from category: Software: System tooling
2026-09-09 21:31:03 ====
2026-09-09 21:31:03 Performing test ID TOOL-5002 (Checking for automation tools)
2026-09-09 21:31:03 Test: checking if directory /root/.ansible exists
2026-09-09 21:31:03 Result: directory /root/.ansible NOT found
2026-09-09 21:31:03 Test: checking if directory /rootfsetc/ansible exists
2026-09-09 21:31:03 Result: directory /rootfsetc/ansible NOT found
2026-09-09 21:31:03 Test: checking if directory /rootfsroot/.ansible exists
2026-09-09 21:31:03 Result: directory /rootfsroot/.ansible NOT found
2026-09-09 21:31:03 Test: checking if directory /rootfstmp/.ansible exists
2026-09-09 21:31:03 Result: directory /rootfstmp/.ansible NOT found
2026-09-09 21:31:03 Test: checking if file /rootfsvar/log/ansible.log exists
2026-09-09 21:31:03 Result: file /rootfsvar/log/ansible.log NOT found
2026-09-09 21:31:03 Test: checking if file ~/.ansible-retry exists
2026-09-09 21:31:03 Result: file ~/.ansible-retry NOT found
2026-09-09 21:31:03 Performing pgrep scan without uid
2026-09-09 21:31:03 IsRunning: process 'puppet master' not found
2026-09-09 21:31:03 Suggestion: Determine if automation tools are present for system management [test:TOOL-5002] [details:-] [solution:-]
2026-09-09 21:31:03 ====
2026-09-09 21:31:03 Performing test ID TOOL-5102 (Check for presence of Fail2ban)
2026-09-09 21:31:03 Result: Fail2ban not present (fail2ban-server not found)
2026-09-09 21:31:03 Checking Fail2ban configuration file
2026-09-09 21:31:03 ====
2026-09-09 21:31:03 Skipped test TOOL-5104 (Enabled tests in Fail2ban)
2026-09-09 21:31:03 Reason to skip: Prerequisites not met (ie missing tool, other type of Linux distribution)
2026-09-09 21:31:03 ====
2026-09-09 21:31:03 Performing test ID TOOL-5120 (Check for presence of Snort)
2026-09-09 21:31:03 Performing pgrep scan without uid
2026-09-09 21:31:04 IsRunning: process 'snort' not found
2026-09-09 21:31:04 Result: Snort not present (Snort not running)
2026-09-09 21:31:04 ====
2026-09-09 21:31:04 Performing test ID TOOL-5122 (Check Snort configuration file)
2026-09-09 21:31:04 ====
2026-09-09 21:31:04 Performing test ID TOOL-5130 (Check for active Suricata daemon)
2026-09-09 21:31:04 Result: Suricata not installed (suricata not found)
2026-09-09 21:31:04 ====
2026-09-09 21:31:04 Performing test ID TOOL-5126 (Check for active OSSEC daemon)
2026-09-09 21:31:04 Performing pgrep scan without uid
2026-09-09 21:31:04 IsRunning: process 'ossec-analysisd' not found
2026-09-09 21:31:04 Result: OSSEC analysis daemon not active
2026-09-09 21:31:04 Performing pgrep scan without uid
2026-09-09 21:31:04 IsRunning: process 'ossec-agentd' not found
2026-09-09 21:31:04 Result: OSSEC agent daemon not active
2026-09-09 21:31:04 ====
2026-09-09 21:31:04 Performing test ID TOOL-5128 (Check for active Wazuh daemon)
2026-09-09 21:31:04 Performing pgrep scan without uid
2026-09-09 21:31:04 IsRunning: process 'wazuh-analysisd' not found
2026-09-09 21:31:04 Result: Wazuh analysis daemon not active
2026-09-09 21:31:04 Performing pgrep scan without uid
2026-09-09 21:31:04 IsRunning: process 'wazuh-agentd' not found
2026-09-09 21:31:04 Result: Wazuh agent daemon not active
2026-09-09 21:31:04 ====
2026-09-09 21:31:04 Performing test ID TOOL-5190 (Check presence of IDS/IPS tool)
2026-09-09 21:31:04 Hardening: assigned partial number of hardening points (0 of 2). Currently having 59 points (out of 107)
2026-09-09 21:31:04 Security check: file is normal
2026-09-09 21:31:04 Checking permissions of /root/lynis/include/tests_malware
2026-09-09 21:31:04 File permissions are OK
2026-09-09 21:31:04 ====
2026-09-09 21:31:04 Action: Performing tests from category: Software: Malware
2026-09-09 21:31:04 ====
2026-09-09 21:31:04 Performing test ID MALW-3274 (Check for McAfee VirusScan Command Line)
2026-09-09 21:31:04 Test: checking presence McAfee VirusScan for Command Line
2026-09-09 21:31:04 ====
2026-09-09 21:31:04 Performing test ID MALW-3275 (Check for chkrootkit)
2026-09-09 21:31:04 Test: checking presence chkrootkit
2026-09-09 21:31:04 Result: chkrootkit not found
2026-09-09 21:31:04 ====
2026-09-09 21:31:04 Performing test ID MALW-3276 (Check for Rootkit Hunter)
2026-09-09 21:31:04 Test: checking presence Rootkit Hunter
2026-09-09 21:31:04 Result: Rootkit Hunter not found
2026-09-09 21:31:04 ====
2026-09-09 21:31:04 Performing test ID MALW-3278 (Check for LMD)
2026-09-09 21:31:04 Test: checking presence LMD
2026-09-09 21:31:04 Result: LMD not found
2026-09-09 21:31:04 ====
2026-09-09 21:31:04 Performing test ID MALW-3280 (Check if anti-virus tool is installed)
2026-09-09 21:31:04 Test: checking process com.avast.daemon
2026-09-09 21:31:04 Performing pgrep scan without uid
2026-09-09 21:31:04 IsRunning: process 'com.avast.daemon' not found
2026-09-09 21:31:04 Test: checking process Avira daemon
2026-09-09 21:31:04 Performing pgrep scan without uid
2026-09-09 21:31:04 IsRunning: process 'avqmd' not found
2026-09-09 21:31:04 Test: checking process Bitdefender daemon
2026-09-09 21:31:04 Performing pgrep scan without uid
2026-09-09 21:31:04 IsRunning: process 'bdagentd' not found
2026-09-09 21:31:04 Performing pgrep scan without uid
2026-09-09 21:31:04 IsRunning: process 'epagd' not found
2026-09-09 21:31:04 Performing pgrep scan without uid
2026-09-09 21:31:04 IsRunning: process 'bdsecd' not found
2026-09-09 21:31:04 Test: checking process falcon-sensor (CrowdStrike)
2026-09-09 21:31:04 Performing pgrep scan without uid
2026-09-09 21:31:04 IsRunning: process 'falcon-sensor' not found
2026-09-09 21:31:04 Test: checking process CylanceSvc
2026-09-09 21:31:04 Performing pgrep scan without uid
2026-09-09 21:31:04 IsRunning: process 'CylanceSvc' not found
2026-09-09 21:31:04 Test: checking process esets_daemon or oaeventd (ESET)
2026-09-09 21:31:04 Performing pgrep scan without uid
2026-09-09 21:31:04 IsRunning: process 'esets_daemon' not found
2026-09-09 21:31:04 Performing pgrep scan without uid
2026-09-09 21:31:04 IsRunning: process 'oaeventd' not found
2026-09-09 21:31:04 Test: checking process wdserver or klnagent (Kaspersky)
2026-09-09 21:31:04 Performing pgrep scan without uid
2026-09-09 21:31:04 IsRunning: process 'klnagent' not found
2026-09-09 21:31:04 Test: checking process cma or cmdagent (McAfee)
2026-09-09 21:31:04 Performing pgrep scan without uid
2026-09-09 21:31:04 IsRunning: process 'cmdagent' not found
2026-09-09 21:31:04 Text: checking process sentineld (SentinelOne)
2026-09-09 21:31:04 Performing pgrep scan without uid
2026-09-09 21:31:04 IsRunning: process 'sentineld' not found
2026-09-09 21:31:04 Performing pgrep scan without uid
2026-09-09 21:31:04 IsRunning: process 's1-agent' not found
2026-09-09 21:31:04 Performing pgrep scan without uid
2026-09-09 21:31:04 IsRunning: process 'SentinelAgent' not found
2026-09-09 21:31:04 Test: checking process savscand
2026-09-09 21:31:04 Performing pgrep scan without uid
2026-09-09 21:31:04 IsRunning: process 'savscand' not found
2026-09-09 21:31:04 Test: checking process SophosScanD
2026-09-09 21:31:04 Performing pgrep scan without uid
2026-09-09 21:31:04 IsRunning: process 'SophosScanD' not found
2026-09-09 21:31:04 Test: checking process rtvscand
2026-09-09 21:31:04 Performing pgrep scan without uid
2026-09-09 21:31:04 IsRunning: process 'rtvscand' not found
2026-09-09 21:31:04 Test: checking process Symantec management client service
2026-09-09 21:31:04 Performing pgrep scan without uid
2026-09-09 21:31:05 IsRunning: process 'smcd' not found
2026-09-09 21:31:05 Test: checking process Symantec Endpoint Protection configuration service
2026-09-09 21:31:05 Performing pgrep scan without uid
2026-09-09 21:31:05 IsRunning: process 'symcfgd' not found
2026-09-09 21:31:05 Test: checking process synoavd
2026-09-09 21:31:05 Performing pgrep scan without uid
2026-09-09 21:31:05 IsRunning: process 'synoavd' not found
2026-09-09 21:31:05 Test: checking process ds_agent to test for Trend Micro Deep Anti Malware component
2026-09-09 21:31:05 Performing pgrep scan without uid
2026-09-09 21:31:05 IsRunning: process 'ds_am' not found
2026-09-09 21:31:05 Test: checking process TmccMac to test for Trend Micro anti-virus (macOS)
2026-09-09 21:31:05 Performing pgrep scan without uid
2026-09-09 21:31:05 IsRunning: process 'TmccMac' not found
2026-09-09 21:31:05 Test: checking process wazuh-agent to test for Wazuh agent
2026-09-09 21:31:05 Performing pgrep scan without uid
2026-09-09 21:31:05 IsRunning: process 'wazuh-agentd' not found
2026-09-09 21:31:05 Result: no commercial anti-virus tools found
2026-09-09 21:31:05 Hardening: assigned partial number of hardening points (0 of 3). Currently having 59 points (out of 110)
2026-09-09 21:31:05 ====
2026-09-09 21:31:05 Performing test ID MALW-3282 (Check for clamscan)
2026-09-09 21:31:05 Test: checking presence clamscan
2026-09-09 21:31:05 Result: clamscan couldn't be found
2026-09-09 21:31:05 ====
2026-09-09 21:31:05 Performing test ID MALW-3284 (Check for clamd)
2026-09-09 21:31:05 Test: checking running ClamAV daemon (clamd)
2026-09-09 21:31:05 Performing pgrep scan without uid
2026-09-09 21:31:05 IsRunning: process 'clamd' not found
2026-09-09 21:31:05 Result: clamd not running
2026-09-09 21:31:05 ====
2026-09-09 21:31:05 Performing test ID MALW-3291 (Check for mdatp)
2026-09-09 21:31:05 Test: checking presence mdatp
2026-09-09 21:31:05 Result: mdatp couldn't be found
2026-09-09 21:31:05 ====
2026-09-09 21:31:05 Skipped test MALW-3286 (Check for freshclam)
2026-09-09 21:31:05 Reason to skip: Prerequisites not met (ie missing tool, other type of Linux distribution)
2026-09-09 21:31:05 ====
2026-09-09 21:31:05 Skipped test MALW-3288 (Check for ClamXav)
2026-09-09 21:31:05 Reason to skip: Prerequisites not met (ie missing tool, other type of Linux distribution)
2026-09-09 21:31:05 ====
2026-09-09 21:31:05 Performing test ID MALW-3290 (Presence of for malware detection)
2026-09-09 21:31:05 Security check: file is normal
2026-09-09 21:31:05 Checking permissions of /root/lynis/include/tests_file_permissions
2026-09-09 21:31:05 File permissions are OK
2026-09-09 21:31:05 ====
2026-09-09 21:31:05 Action: Performing tests from category: File Permissions
2026-09-09 21:31:05 ====
2026-09-09 21:31:05 Performing test ID FILE-7524 (Perform file permissions check)
2026-09-09 21:31:05 Test: Checking file permissions
2026-09-09 21:31:05 Using profile /root/lynis/default.prf for baseline.
2026-09-09 21:31:05 Test: checking file/directory /boot/grub/grub.cfg
2026-09-09 21:31:05 Skipping file/directory /boot/grub/grub.cfg as it does not exist on this system
2026-09-09 21:31:05 Test: checking file/directory /boot/grub2/grub.cfg
2026-09-09 21:31:05 Skipping file/directory /boot/grub2/grub.cfg as it does not exist on this system
2026-09-09 21:31:05 Test: checking file/directory /boot/grub2/user.cfg
2026-09-09 21:31:05 Skipping file/directory /boot/grub2/user.cfg as it does not exist on this system
2026-09-09 21:31:05 Test: checking file/directory /etc/at.allow
2026-09-09 21:31:05 Skipping file/directory /etc/at.allow as it does not exist on this system
2026-09-09 21:31:05 Test: checking file/directory /etc/at.deny
2026-09-09 21:31:05 Skipping file/directory /etc/at.deny as it does not exist on this system
2026-09-09 21:31:05 Test: checking file/directory /etc/cron.allow
2026-09-09 21:31:05 Skipping file/directory /etc/cron.allow as it does not exist on this system
2026-09-09 21:31:05 Test: checking file/directory /etc/cron.deny
2026-09-09 21:31:05 Skipping file/directory /etc/cron.deny as it does not exist on this system
2026-09-09 21:31:05 Test: checking file/directory /etc/crontab
2026-09-09 21:31:05 Skipping file/directory /etc/crontab as it does not exist on this system
2026-09-09 21:31:05 Test: checking file/directory /etc/group
2026-09-09 21:31:05 Test: checking if file /etc/group has the permissions set to 644 (rw-r--r--) or more restrictive
2026-09-09 21:31:05 Outcome: correct permissions (644)
2026-09-09 21:31:05 Test: checking file/directory /etc/group-
2026-09-09 21:31:05 Test: checking if file /etc/group- has the permissions set to 644 (rw-r--r--) or more restrictive
2026-09-09 21:31:05 Outcome: correct permissions (644)
2026-09-09 21:31:05 Test: checking file/directory /etc/hosts.allow
2026-09-09 21:31:05 Skipping file/directory /etc/hosts.allow as it does not exist on this system
2026-09-09 21:31:05 Test: checking file/directory /etc/hosts.deny
2026-09-09 21:31:05 Skipping file/directory /etc/hosts.deny as it does not exist on this system
2026-09-09 21:31:05 Test: checking file/directory /etc/issue
2026-09-09 21:31:05 Test: checking if file /etc/issue has the permissions set to 644 (rw-r--r--) or more restrictive
2026-09-09 21:31:05 Outcome: correct permissions (644)
2026-09-09 21:31:05 Test: checking file/directory /etc/issue.net
2026-09-09 21:31:05 Test: checking if file /etc/issue.net has the permissions set to 644 (rw-r--r--) or more restrictive
2026-09-09 21:31:05 Outcome: correct permissions (644)
2026-09-09 21:31:05 Test: checking file/directory /etc/lilo.conf
2026-09-09 21:31:05 Skipping file/directory /etc/lilo.conf as it does not exist on this system
2026-09-09 21:31:05 Test: checking file/directory /etc/motd
2026-09-09 21:31:05 Skipping file/directory /etc/motd as it does not exist on this system
2026-09-09 21:31:05 Test: checking file/directory /etc/passwd
2026-09-09 21:31:05 Test: checking if file /etc/passwd has the permissions set to 644 (rw-r--r--) or more restrictive
2026-09-09 21:31:05 Outcome: correct permissions (644)
2026-09-09 21:31:05 Test: checking file/directory /etc/passwd-
2026-09-09 21:31:05 Test: checking if file /etc/passwd- has the permissions set to 644 (rw-r--r--) or more restrictive
2026-09-09 21:31:05 Outcome: correct permissions (644)
2026-09-09 21:31:05 Test: checking file/directory /etc/ssh/sshd_config
2026-09-09 21:31:05 Skipping file/directory /etc/ssh/sshd_config as it does not exist on this system
2026-09-09 21:31:05 Test: checking file/directory /etc/hosts.equiv
2026-09-09 21:31:06 Skipping file/directory /etc/hosts.equiv as it does not exist on this system
2026-09-09 21:31:06 Test: checking file/directory /etc/shosts.equiv
2026-09-09 21:31:06 Skipping file/directory /etc/shosts.equiv as it does not exist on this system
2026-09-09 21:31:06 Test: checking file/directory /root/.rhosts
2026-09-09 21:31:06 Skipping file/directory /root/.rhosts as it does not exist on this system
2026-09-09 21:31:06 Test: checking file/directory /root/.rlogin
2026-09-09 21:31:06 Skipping file/directory /root/.rlogin as it does not exist on this system
2026-09-09 21:31:06 Test: checking file/directory /root/.shosts
2026-09-09 21:31:06 Skipping file/directory /root/.shosts as it does not exist on this system
2026-09-09 21:31:06 Test: checking file/directory /root/.ssh
2026-09-09 21:31:06 Skipping file/directory /root/.ssh as it does not exist on this system
2026-09-09 21:31:06 Test: checking file/directory /etc/cron.d
2026-09-09 21:31:06 Test: checking if file /etc/cron.d has the permissions set to 700 (rwx------) or more restrictive
2026-09-09 21:31:06 Outcome: permissions of file /etc/cron.d are not matching expected value (755 != 700)
2026-09-09 21:31:06 Test: checking file/directory /etc/cron.daily
2026-09-09 21:31:06 Test: checking if file /etc/cron.daily has the permissions set to 700 (rwx------) or more restrictive
2026-09-09 21:31:06 Outcome: permissions of file /etc/cron.daily are not matching expected value (755 != 700)
2026-09-09 21:31:06 Test: checking file/directory /etc/cron.hourly
2026-09-09 21:31:06 Skipping file/directory /etc/cron.hourly as it does not exist on this system
2026-09-09 21:31:06 Test: checking file/directory /etc/cron.weekly
2026-09-09 21:31:06 Skipping file/directory /etc/cron.weekly as it does not exist on this system
2026-09-09 21:31:06 Test: checking file/directory /etc/cron.monthly
2026-09-09 21:31:06 Skipping file/directory /etc/cron.monthly as it does not exist on this system
2026-09-09 21:31:06 Suggestion: Consider restricting file permissions [test:FILE-7524] [details:See screen output or log file] [solution:text:Use chmod to change file permissions]
2026-09-09 21:31:06 Security check: file is normal
2026-09-09 21:31:06 Checking permissions of /root/lynis/include/tests_homedirs
2026-09-09 21:31:06 File permissions are OK
2026-09-09 21:31:06 ====
2026-09-09 21:31:06 Action: Performing tests from category: Home directories
2026-09-09 21:31:06 ====
2026-09-09 21:31:06 Performing test ID HOME-9302 (Create list with home directories)
2026-09-09 21:31:06 Test: query /rootfsetc/passwd to obtain home directories
2026-09-09 21:31:06 ====
2026-09-09 21:31:06 Performing test ID HOME-9304 (Check if users' home directories permissions are 750 or more restrictive)
2026-09-09 21:31:06 Test: checking directory '' for user ''
2026-09-09 21:31:06 Result: OK, all permissions of the home directories are 750 or more restrictive
2026-09-09 21:31:06 ====
2026-09-09 21:31:06 Performing test ID HOME-9306 (Check if users own their home directories)
2026-09-09 21:31:06 Test: checking directory '' for user ''
2026-09-09 21:31:06 Result: OK, all users own their home directories
2026-09-09 21:31:06 ====
2026-09-09 21:31:06 Performing test ID HOME-9310 (Checking for suspicious shell history files)
2026-09-09 21:31:06 Result: Ok, history files are type 'file'.
2026-09-09 21:31:06 Remark: History files are normally of the type 'file'. Symbolic links and other types are suspicious.
2026-09-09 21:31:06 ====
2026-09-09 21:31:06 Performing test ID HOME-9350 (Collecting information from home directories)
2026-09-09 21:31:06 Result: IGNORE_HOME_DIRS empty, no paths excluded
2026-09-09 21:31:06 Security check: file is normal
2026-09-09 21:31:06 Checking permissions of /root/lynis/include/tests_kernel_hardening
2026-09-09 21:31:06 File permissions are OK
2026-09-09 21:31:06 ====
2026-09-09 21:31:06 Action: Performing tests from category: Kernel Hardening
2026-09-09 21:31:06 ====
2026-09-09 21:31:06 Performing test ID KRNL-6000 (Check sysctl key pairs in scan profile)
2026-09-09 21:31:06 Result: sysctl key dev.tty.ldisc_autoload contains equal expected and current value (0)
2026-09-09 21:31:06 Hardening: assigned maximum number of hardening points for this item (1). Currently having 60 points (out of 111)
2026-09-09 21:31:06 Result: sysctl key fs.protected_fifos has a different value than expected in scan profile. Expected=2, Real=1
2026-09-09 21:31:06 Hardening: assigned partial number of hardening points (0 of 1). Currently having 60 points (out of 112)
2026-09-09 21:31:06 Result: sysctl key fs.protected_hardlinks contains equal expected and current value (1)
2026-09-09 21:31:06 Hardening: assigned maximum number of hardening points for this item (1). Currently having 61 points (out of 113)
2026-09-09 21:31:06 Result: sysctl key fs.protected_regular contains equal expected and current value (2)
2026-09-09 21:31:06 Hardening: assigned maximum number of hardening points for this item (1). Currently having 62 points (out of 114)
2026-09-09 21:31:06 Result: sysctl key fs.protected_symlinks contains equal expected and current value (1)
2026-09-09 21:31:06 Hardening: assigned maximum number of hardening points for this item (1). Currently having 63 points (out of 115)
2026-09-09 21:31:06 Result: sysctl key fs.suid_dumpable contains equal expected and current value (0)
2026-09-09 21:31:06 Hardening: assigned maximum number of hardening points for this item (1). Currently having 64 points (out of 116)
2026-09-09 21:31:07 Result: key hw.kbd.keymap_restrict_change does not exist on this machine
2026-09-09 21:31:07 Result: key kern.sugid_coredump does not exist on this machine
2026-09-09 21:31:07 Result: key kernel.core_setuid_ok does not exist on this machine
2026-09-09 21:31:07 Result: sysctl key kernel.core_uses_pid has a different value than expected in scan profile. Expected=1, Real=0
2026-09-09 21:31:07 Hardening: assigned partial number of hardening points (0 of 1). Currently having 64 points (out of 117)
2026-09-09 21:31:07 Result: sysctl key kernel.ctrl-alt-del has a different value than expected in scan profile. Expected=0, Real=1
2026-09-09 21:31:07 Hardening: assigned partial number of hardening points (0 of 1). Currently having 64 points (out of 118)
2026-09-09 21:31:07 Result: sysctl key kernel.dmesg_restrict has a different value than expected in scan profile. Expected=1, Real=0
2026-09-09 21:31:07 Hardening: assigned partial number of hardening points (0 of 1). Currently having 64 points (out of 119)
2026-09-09 21:31:07 Result: key kernel.exec-shield-randomize does not exist on this machine
2026-09-09 21:31:07 Result: key kernel.exec-shield does not exist on this machine
2026-09-09 21:31:07 Result: sysctl key kernel.kptr_restrict has a different value than expected in scan profile. Expected=2, Real=1
2026-09-09 21:31:07 Hardening: assigned partial number of hardening points (0 of 1). Currently having 64 points (out of 120)
2026-09-09 21:31:07 Result: key kernel.maps_protect does not exist on this machine
2026-09-09 21:31:07 Result: sysctl key kernel.modules_disabled has a different value than expected in scan profile. Expected=1, Real=0
2026-09-09 21:31:07 Hardening: assigned partial number of hardening points (0 of 1). Currently having 64 points (out of 121)
2026-09-09 21:31:07 Result: sysctl key kernel.perf_event_paranoid contains equal expected and current value (2 3 4)
2026-09-09 21:31:07 Hardening: assigned maximum number of hardening points for this item (1). Currently having 65 points (out of 122)
2026-09-09 21:31:07 Result: sysctl key kernel.randomize_va_space contains equal expected and current value (2)
2026-09-09 21:31:07 Hardening: assigned maximum number of hardening points for this item (1). Currently having 66 points (out of 123)
2026-09-09 21:31:07 Result: key kernel.suid_dumpable does not exist on this machine
2026-09-09 21:31:07 Result: sysctl key kernel.sysrq has a different value than expected in scan profile. Expected=0, Real=176
2026-09-09 21:31:07 Hardening: assigned partial number of hardening points (0 of 1). Currently having 66 points (out of 124)
2026-09-09 21:31:07 Result: sysctl key kernel.unprivileged_bpf_disabled has a different value than expected in scan profile. Expected=1, Real=2
2026-09-09 21:31:07 Hardening: assigned partial number of hardening points (0 of 1). Currently having 66 points (out of 125)
2026-09-09 21:31:07 Result: key kernel.use-nx does not exist on this machine
2026-09-09 21:31:07 Result: sysctl key kernel.yama.ptrace_scope contains equal expected and current value (1 2 3)
2026-09-09 21:31:07 Hardening: assigned maximum number of hardening points for this item (1). Currently having 67 points (out of 126)
2026-09-09 21:31:07 Result: key net.core.bpf_jit_harden does not exist on this machine
2026-09-09 21:31:07 Result: key net.inet.icmp.bmcastecho does not exist on this machine
2026-09-09 21:31:07 Result: key net.inet.icmp.drop_redirect does not exist on this machine
2026-09-09 21:31:07 Result: key net.inet.icmp.rediraccept does not exist on this machine
2026-09-09 21:31:07 Result: key net.inet.icmp.timestamp does not exist on this machine
2026-09-09 21:31:07 Result: key net.inet.ip.accept_sourceroute does not exist on this machine
2026-09-09 21:31:07 Result: key net.inet.ip.check_interface does not exist on this machine
2026-09-09 21:31:07 Result: key net.inet.ip.forwarding does not exist on this machine
2026-09-09 21:31:07 Result: key net.inet.ip.linklocal.in.allowbadttl does not exist on this machine
2026-09-09 21:31:07 Result: key net.inet.ip.process_options does not exist on this machine
2026-09-09 21:31:07 Result: key net.inet.ip.random_id does not exist on this machine
2026-09-09 21:31:07 Result: key net.inet.ip.redirect does not exist on this machine
2026-09-09 21:31:07 Result: key net.inet.ip.sourceroute does not exist on this machine
2026-09-09 21:31:07 Result: key net.inet.ip6.redirect does not exist on this machine
2026-09-09 21:31:07 Result: key net.inet.tcp.always_keepalive does not exist on this machine
2026-09-09 21:31:07 Result: key net.inet.tcp.blackhole does not exist on this machine
2026-09-09 21:31:07 Result: key net.inet.tcp.drop_synfin does not exist on this machine
2026-09-09 21:31:07 Result: key net.inet.tcp.icmp_may_rst does not exist on this machine
2026-09-09 21:31:07 Result: key net.inet.tcp.nolocaltimewait does not exist on this machine
2026-09-09 21:31:07 Result: key net.inet.tcp.path_mtu_discovery does not exist on this machine
2026-09-09 21:31:07 Result: key net.inet.udp.blackhole does not exist on this machine
2026-09-09 21:31:07 Result: key net.inet6.icmp6.rediraccept does not exist on this machine
2026-09-09 21:31:07 Result: key net.inet6.ip6.forwarding does not exist on this machine
2026-09-09 21:31:07 Result: key net.inet6.ip6.fw.enable does not exist on this machine
2026-09-09 21:31:07 Result: key net.inet6.ip6.redirect does not exist on this machine
2026-09-09 21:31:07 Result: sysctl key net.ipv4.conf.all.accept_redirects contains equal expected and current value (0)
2026-09-09 21:31:07 Hardening: assigned maximum number of hardening points for this item (1). Currently having 68 points (out of 127)
2026-09-09 21:31:07 Result: sysctl key net.ipv4.conf.all.accept_source_route contains equal expected and current value (0)
2026-09-09 21:31:07 Hardening: assigned maximum number of hardening points for this item (1). Currently having 69 points (out of 128)
2026-09-09 21:31:07 Result: sysctl key net.ipv4.conf.all.bootp_relay contains equal expected and current value (0)
2026-09-09 21:31:07 Hardening: assigned maximum number of hardening points for this item (1). Currently having 70 points (out of 129)
2026-09-09 21:31:07 Result: sysctl key net.ipv4.conf.all.forwarding has a different value than expected in scan profile. Expected=0, Real=1
2026-09-09 21:31:07 Hardening: assigned partial number of hardening points (0 of 1). Currently having 70 points (out of 130)
2026-09-09 21:31:07 Result: sysctl key net.ipv4.conf.all.log_martians has a different value than expected in scan profile. Expected=1, Real=0
2026-09-09 21:31:07 Hardening: assigned partial number of hardening points (0 of 1). Currently having 70 points (out of 131)
2026-09-09 21:31:07 Result: sysctl key net.ipv4.conf.all.mc_forwarding contains equal expected and current value (0)
2026-09-09 21:31:08 Hardening: assigned maximum number of hardening points for this item (1). Currently having 71 points (out of 132)
2026-09-09 21:31:08 Result: sysctl key net.ipv4.conf.all.proxy_arp contains equal expected and current value (0)
2026-09-09 21:31:08 Hardening: assigned maximum number of hardening points for this item (1). Currently having 72 points (out of 133)
2026-09-09 21:31:08 Result: sysctl key net.ipv4.conf.all.rp_filter has a different value than expected in scan profile. Expected=1, Real=2
2026-09-09 21:31:08 Hardening: assigned partial number of hardening points (0 of 1). Currently having 72 points (out of 134)
2026-09-09 21:31:08 Result: sysctl key net.ipv4.conf.all.send_redirects has a different value than expected in scan profile. Expected=0, Real=1
2026-09-09 21:31:08 Hardening: assigned partial number of hardening points (0 of 1). Currently having 72 points (out of 135)
2026-09-09 21:31:08 Result: sysctl key net.ipv4.conf.default.accept_redirects has a different value than expected in scan profile. Expected=0, Real=1
2026-09-09 21:31:08 Hardening: assigned partial number of hardening points (0 of 1). Currently having 72 points (out of 136)
2026-09-09 21:31:08 Result: sysctl key net.ipv4.conf.default.accept_source_route has a different value than expected in scan profile. Expected=0, Real=1
2026-09-09 21:31:08 Hardening: assigned partial number of hardening points (0 of 1). Currently having 72 points (out of 137)
2026-09-09 21:31:08 Result: sysctl key net.ipv4.conf.default.log_martians has a different value than expected in scan profile. Expected=1, Real=0
2026-09-09 21:31:08 Hardening: assigned partial number of hardening points (0 of 1). Currently having 72 points (out of 138)
2026-09-09 21:31:08 Result: sysctl key net.ipv4.icmp_echo_ignore_broadcasts contains equal expected and current value (1)
2026-09-09 21:31:08 Hardening: assigned maximum number of hardening points for this item (1). Currently having 73 points (out of 139)
2026-09-09 21:31:08 Result: sysctl key net.ipv4.icmp_ignore_bogus_error_responses contains equal expected and current value (1)
2026-09-09 21:31:08 Hardening: assigned maximum number of hardening points for this item (1). Currently having 74 points (out of 140)
2026-09-09 21:31:08 Result: sysctl key net.ipv4.tcp_syncookies contains equal expected and current value (1)
2026-09-09 21:31:08 Hardening: assigned maximum number of hardening points for this item (1). Currently having 75 points (out of 141)
2026-09-09 21:31:08 Result: sysctl key net.ipv4.tcp_timestamps contains equal expected and current value (0 1)
2026-09-09 21:31:08 Hardening: assigned maximum number of hardening points for this item (1). Currently having 76 points (out of 142)
2026-09-09 21:31:08 Result: sysctl key net.ipv6.conf.all.accept_redirects has a different value than expected in scan profile. Expected=0, Real=1
2026-09-09 21:31:08 Hardening: assigned partial number of hardening points (0 of 1). Currently having 76 points (out of 143)
2026-09-09 21:31:08 Result: sysctl key net.ipv6.conf.all.accept_source_route contains equal expected and current value (0)
2026-09-09 21:31:08 Hardening: assigned maximum number of hardening points for this item (1). Currently having 77 points (out of 144)
2026-09-09 21:31:08 Result: key net.ipv6.conf.all.send_redirects does not exist on this machine
2026-09-09 21:31:08 Result: sysctl key net.ipv6.conf.default.accept_redirects has a different value than expected in scan profile. Expected=0, Real=1
2026-09-09 21:31:08 Hardening: assigned partial number of hardening points (0 of 1). Currently having 77 points (out of 145)
2026-09-09 21:31:08 Result: sysctl key net.ipv6.conf.default.accept_source_route contains equal expected and current value (0)
2026-09-09 21:31:08 Hardening: assigned maximum number of hardening points for this item (1). Currently having 78 points (out of 146)
2026-09-09 21:31:08 Result: key security.bsd.hardlink_check_gid does not exist on this machine
2026-09-09 21:31:08 Result: key security.bsd.hardlink_check_uid does not exist on this machine
2026-09-09 21:31:08 Result: key security.bsd.see_other_gids does not exist on this machine
2026-09-09 21:31:08 Result: key security.bsd.see_other_uids does not exist on this machine
2026-09-09 21:31:08 Result: key security.bsd.stack_guard_page does not exist on this machine
2026-09-09 21:31:08 Result: key security.bsd.unprivileged_proc_debug does not exist on this machine
2026-09-09 21:31:08 Result: key security.bsd.unprivileged_read_msgbuf does not exist on this machine
2026-09-09 21:31:08 Result: found 17 keys that can use tuning, according scan profile
2026-09-09 21:31:08 Suggestion: One or more sysctl values differ from the scan profile and could be tweaked [test:KRNL-6000] [details:] [solution:Change sysctl value or disable test (skip-test=KRNL-6000:<sysctl-key>)]
2026-09-09 21:31:08 Security check: file is normal
2026-09-09 21:31:08 Checking permissions of /root/lynis/include/tests_hardening
2026-09-09 21:31:08 File permissions are OK
2026-09-09 21:31:08 ====
2026-09-09 21:31:08 Action: Performing tests from category: Hardening
2026-09-09 21:31:08 ====
2026-09-09 21:31:08 Performing test ID HRDN-7220 (Check if one or more compilers are installed)
2026-09-09 21:31:08 Test: Check if one or more compilers can be found on the system
2026-09-09 21:31:08 Result: no compilers found
2026-09-09 21:31:08 Hardening: assigned maximum number of hardening points for this item (3). Currently having 81 points (out of 149)
2026-09-09 21:31:08 ====
2026-09-09 21:31:08 Performing test ID HRDN-7222 (Check compiler permissions)
2026-09-09 21:31:08 Test: Check if one or more compilers can be found on the system
2026-09-09 21:31:08 Result: no compilers found
2026-09-09 21:31:08 ====
2026-09-09 21:31:08 Performing test ID HRDN-7230 (Check for malware scanner)
2026-09-09 21:31:08 Test: Check if a malware scanner is installed
2026-09-09 21:31:08 Result: no malware scanner found
2026-09-09 21:31:08 Suggestion: Harden the system by installing at least one malware scanner, to perform periodic file system scans [test:HRDN-7230] [details:-] [solution:Install a tool like rkhunter, chkrootkit, OSSEC, Wazuh]
2026-09-09 21:31:08 Hardening: assigned partial number of hardening points (1 of 3). Currently having 82 points (out of 152)
2026-09-09 21:31:08 Result: no malware scanner found
2026-09-09 21:31:08 ====
2026-09-09 21:31:08 Performing test ID HRDN-7231 (Check for registered non-native binary formats)
2026-09-09 21:31:08 Test: Check for registered non-native binary formats
2026-09-09 21:31:08 Result: no non-native binary formats found
2026-09-09 21:31:08 ====
2026-09-09 21:31:08 Action: Performing tests from category: Custom tests
2026-09-09 21:31:08 Test: Checking for tests_custom file
2026-09-09 21:31:08 ====
2026-09-09 21:31:08 Action: Performing plugin tests
2026-09-09 21:31:08 Result: Found 2 plugins of which 2 are enabled
2026-09-09 21:31:08 Result: Plugins phase 2 finished
2026-09-09 21:31:08 Checking permissions of /root/lynis/include/report
2026-09-09 21:31:08 File permissions are OK
2026-09-09 21:31:09 Hardening index : [53] [##########          ]
2026-09-09 21:31:09 Hardening strength: System has been hardened, but could use additional hardening
2026-09-09 21:31:09 ====
2026-09-09 21:31:09 Checking permissions of /root/lynis/include/tool_tips
2026-09-09 21:31:09 File permissions are OK
2026-09-09 21:31:09 Tool tips: enabled
2026-09-09 21:31:09 ================================================================================
2026-09-09 21:31:09 Tests performed:     210
2026-09-09 21:31:09 Total tests:         476
2026-09-09 21:31:09 Active plugins:      2
2026-09-09 21:31:09 Total plugins:       2
2026-09-09 21:31:09 ================================================================================
2026-09-09 21:31:09 Lynis 3.1.8
2026-09-09 21:31:09 2007-2025, CISOfy - https://cisofy.com/lynis/
2026-09-09 21:31:09 Enterprise support available (compliance, plugins, interface and tools)
2026-09-09 21:31:09 Program ended successfully
2026-09-09 21:31:09 ================================================================================
2026-09-09 21:31:09 PID file removed (/var/run/lynis.pid)
2026-09-09 21:31:09 Temporary files:  /tmp/lynis.rawaoEe1VK /tmp/lynis.NTZuYf75Je /tmp/lynis.j67VWnI6mE /tmp/lynis.GRujzrsWEr
2026-09-09 21:31:09 Action: removing temporary file /tmp/lynis.rawaoEe1VK
2026-09-09 21:31:10 Info: temporary file /tmp/lynis.NTZuYf75Je was already removed
2026-09-09 21:31:10 Info: temporary file /tmp/lynis.j67VWnI6mE was already removed
2026-09-09 21:31:10 Info: temporary file /tmp/lynis.GRujzrsWEr was already removed
2026-09-09 21:31:10 Lynis ended successfully.
